,date,token,token_name,weight
0,2022-09-07,0xb97ef9ef8734c71904d8002f8b6bc66dd9c48a6e,USDC,33.974178813481885
1,2022-09-07,0xb31f66aa3c1e785363f0875a1b74e27b85fd66c7,AVAX,8.01946590855894
2,2022-09-07,0xa7d7079b0fead91f3e65f86e8915cb59c1a4c664,USDC.e,29.179299055709006
3,2022-09-07,0x50b7545627a5162f82a992c33b87adc75187b218,WBTC.e,7.0485606664521425
4,2022-09-07,0x49d5c2bdffac6ce2bfdb6640f4f80f226bc10bab,WETH.e,16.26636347577473
5,2022-09-07,0x152b9d0fdc40c096757f570a51e494bd4b943e50,BTC.b,5.511552155683407
6,2022-09-07,0x130966628846bfd36ff31a822705796e8cb8c18d,MIM,0.0005799243398869764
7,2022-09-06,0xb97ef9ef8734c71904d8002f8b6bc66dd9c48a6e,USDC,32.087931251677496
8,2022-09-06,0xb31f66aa3c1e785363f0875a1b74e27b85fd66c7,AVAX,8.621534028688787
9,2022-09-06,0xa7d7079b0fead91f3e65f86e8915cb59c1a4c664,USDC.e,30.298170761052027
10,2022-09-06,0x50b7545627a5162f82a992c33b87adc75187b218,WBTC.e,7.125775164877953
11,2022-09-06,0x49d5c2bdffac6ce2bfdb6640f4f80f226bc10bab,WETH.e,16.28765839939884
12,2022-09-06,0x152b9d0fdc40c096757f570a51e494bd4b943e50,BTC.b,5.5783076936766935
13,2022-09-06,0x130966628846bfd36ff31a822705796e8cb8c18d,MIM,0.0006227006282030782
14,2022-09-05,0xb97ef9ef8734c71904d8002f8b6bc66dd9c48a6e,USDC,29.828893946247323
15,2022-09-05,0xb31f66aa3c1e785363f0875a1b74e27b85fd66c7,AVAX,12.903109980707162
16,2022-09-05,0xa7d7079b0fead91f3e65f86e8915cb59c1a4c664,USDC.e,27.657165271469722
17,2022-09-05,0x50b7545627a5162f82a992c33b87adc75187b218,WBTC.e,7.227062197244102
18,2022-09-05,0x49d5c2bdffac6ce2bfdb6640f4f80f226bc10bab,WETH.e,16.71043003640128
19,2022-09-05,0x152b9d0fdc40c096757f570a51e494bd4b943e50,BTC.b,5.673338567930408
20,2022-09-04,0xb97ef9ef8734c71904d8002f8b6bc66dd9c48a6e,USDC,30.28611295596177
21,2022-09-04,0xb31f66aa3c1e785363f0875a1b74e27b85fd66c7,AVAX,12.211748005346013
22,2022-09-04,0xa7d7079b0fead91f3e65f86e8915cb59c1a4c664,USDC.e,27.656307291955212
23,2022-09-04,0x50b7545627a5162f82a992c33b87adc75187b218,WBTC.e,7.172414170298397
24,2022-09-04,0x49d5c2bdffac6ce2bfdb6640f4f80f226bc10bab,WETH.e,16.98600136616407
25,2022-09-04,0x152b9d0fdc40c096757f570a51e494bd4b943e50,BTC.b,5.687416210274538
26,2022-09-03,0xb97ef9ef8734c71904d8002f8b6bc66dd9c48a6e,USDC,30.29768099564159
27,2022-09-03,0xb31f66aa3c1e785363f0875a1b74e27b85fd66c7,AVAX,12.210670830104721
28,2022-09-03,0xa7d7079b0fead91f3e65f86e8915cb59c1a4c664,USDC.e,27.859725617656643
29,2022-09-03,0x50b7545627a5162f82a992c33b87adc75187b218,WBTC.e,7.133521507236578
30,2022-09-03,0x49d5c2bdffac6ce2bfdb6640f4f80f226bc10bab,WETH.e,16.85007008474939
31,2022-09-03,0x152b9d0fdc40c096757f570a51e494bd4b943e50,BTC.b,5.6483309646110795
32,2022-09-02,0xb97ef9ef8734c71904d8002f8b6bc66dd9c48a6e,USDC,28.208656043947546
33,2022-09-02,0xb31f66aa3c1e785363f0875a1b74e27b85fd66c7,AVAX,14.421028117633673
34,2022-09-02,0xa7d7079b0fead91f3e65f86e8915cb59c1a4c664,USDC.e,27.693467435476933
35,2022-09-02,0x50b7545627a5162f82a992c33b87adc75187b218,WBTC.e,7.161630334641822
36,2022-09-02,0x49d5c2bdffac6ce2bfdb6640f4f80f226bc10bab,WETH.e,16.82053971743915
37,2022-09-02,0x152b9d0fdc40c096757f570a51e494bd4b943e50,BTC.b,5.694678350860878
38,2022-09-01,0xb97ef9ef8734c71904d8002f8b6bc66dd9c48a6e,USDC,28.13555349709827
39,2022-09-01,0xb31f66aa3c1e785363f0875a1b74e27b85fd66c7,AVAX,14.560811016215736
40,2022-09-01,0xa7d7079b0fead91f3e65f86e8915cb59c1a4c664,USDC.e,27.39346273748331
41,2022-09-01,0x50b7545627a5162f82a992c33b87adc75187b218,WBTC.e,7.140395375442517
42,2022-09-01,0x49d5c2bdffac6ce2bfdb6640f4f80f226bc10bab,WETH.e,17.060957495110753
43,2022-09-01,0x152b9d0fdc40c096757f570a51e494bd4b943e50,BTC.b,5.70881987864941
44,2022-08-31,0xb97ef9ef8734c71904d8002f8b6bc66dd9c48a6e,USDC,28.737604620935215
45,2022-08-31,0xb31f66aa3c1e785363f0875a1b74e27b85fd66c7,AVAX,14.202562721406302
46,2022-08-31,0xa7d7079b0fead91f3e65f86e8915cb59c1a4c664,USDC.e,27.650246996468187
47,2022-08-31,0x50b7545627a5162f82a992c33b87adc75187b218,WBTC.e,7.140089246654643
48,2022-08-31,0x49d5c2bdffac6ce2bfdb6640f4f80f226bc10bab,WETH.e,16.53446652837513
49,2022-08-31,0x152b9d0fdc40c096757f570a51e494bd4b943e50,BTC.b,5.7350298861605244
50,2022-08-30,0xb97ef9ef8734c71904d8002f8b6bc66dd9c48a6e,USDC,26.419329577764152
51,2022-08-30,0xb31f66aa3c1e785363f0875a1b74e27b85fd66c7,AVAX,14.79366990503604
52,2022-08-30,0xa7d7079b0fead91f3e65f86e8915cb59c1a4c664,USDC.e,29.475937052368874
53,2022-08-30,0x50b7545627a5162f82a992c33b87adc75187b218,WBTC.e,7.251148497215604
54,2022-08-30,0x49d5c2bdffac6ce2bfdb6640f4f80f226bc10bab,WETH.e,16.449667076030266
55,2022-08-30,0x152b9d0fdc40c096757f570a51e494bd4b943e50,BTC.b,5.610247891585065
56,2022-08-29,0xb97ef9ef8734c71904d8002f8b6bc66dd9c48a6e,USDC,24.70181473702946
57,2022-08-29,0xb31f66aa3c1e785363f0875a1b74e27b85fd66c7,AVAX,12.555651171256496
58,2022-08-29,0xa7d7079b0fead91f3e65f86e8915cb59c1a4c664,USDC.e,28.097063289598587
59,2022-08-29,0x50b7545627a5162f82a992c33b87adc75187b218,WBTC.e,14.003850343759254
60,2022-08-29,0x49d5c2bdffac6ce2bfdb6640f4f80f226bc10bab,WETH.e,15.40659745974063
61,2022-08-29,0x152b9d0fdc40c096757f570a51e494bd4b943e50,BTC.b,5.235022998615576
62,2022-08-28,0xb97ef9ef8734c71904d8002f8b6bc66dd9c48a6e,USDC,17.554377906189238
63,2022-08-28,0xb31f66aa3c1e785363f0875a1b74e27b85fd66c7,AVAX,13.050317567746799
64,2022-08-28,0xa7d7079b0fead91f3e65f86e8915cb59c1a4c664,USDC.e,35.82111560304213
65,2022-08-28,0x50b7545627a5162f82a992c33b87adc75187b218,WBTC.e,14.181123934022656
66,2022-08-28,0x49d5c2bdffac6ce2bfdb6640f4f80f226bc10bab,WETH.e,14.73431533536883
67,2022-08-28,0x152b9d0fdc40c096757f570a51e494bd4b943e50,BTC.b,4.658749653630342
68,2022-08-27,0xb97ef9ef8734c71904d8002f8b6bc66dd9c48a6e,USDC,18.516425977343488
69,2022-08-27,0xb31f66aa3c1e785363f0875a1b74e27b85fd66c7,AVAX,14.114900723841139
70,2022-08-27,0xa7d7079b0fead91f3e65f86e8915cb59c1a4c664,USDC.e,35.63509522069437
71,2022-08-27,0x50b7545627a5162f82a992c33b87adc75187b218,WBTC.e,13.994300306900989
72,2022-08-27,0x49d5c2bdffac6ce2bfdb6640f4f80f226bc10bab,WETH.e,14.996249617307939
73,2022-08-27,0x152b9d0fdc40c096757f570a51e494bd4b943e50,BTC.b,2.743028153912076
74,2022-08-26,0xb97ef9ef8734c71904d8002f8b6bc66dd9c48a6e,USDC,17.741148792515187
75,2022-08-26,0xb31f66aa3c1e785363f0875a1b74e27b85fd66c7,AVAX,13.789769650856067
76,2022-08-26,0xa7d7079b0fead91f3e65f86e8915cb59c1a4c664,USDC.e,36.64591463247166
77,2022-08-26,0x50b7545627a5162f82a992c33b87adc75187b218,WBTC.e,15.272817334390284
78,2022-08-26,0x49d5c2bdffac6ce2bfdb6640f4f80f226bc10bab,WETH.e,13.968612685992973
79,2022-08-26,0x152b9d0fdc40c096757f570a51e494bd4b943e50,BTC.b,2.5817369037738316
80,2022-08-25,0xb97ef9ef8734c71904d8002f8b6bc66dd9c48a6e,USDC,16.95424873548846
81,2022-08-25,0xb31f66aa3c1e785363f0875a1b74e27b85fd66c7,AVAX,13.978263890157276
82,2022-08-25,0xa7d7079b0fead91f3e65f86e8915cb59c1a4c664,USDC.e,36.14635435079786
83,2022-08-25,0x50b7545627a5162f82a992c33b87adc75187b218,WBTC.e,15.431763241041757
84,2022-08-25,0x49d5c2bdffac6ce2bfdb6640f4f80f226bc10bab,WETH.e,14.895202120279247
85,2022-08-25,0x152b9d0fdc40c096757f570a51e494bd4b943e50,BTC.b,2.593532545444591
86,2022-08-25,0x130966628846bfd36ff31a822705796e8cb8c18d,MIM,0.0006351167908121068
87,2022-08-24,0xb97ef9ef8734c71904d8002f8b6bc66dd9c48a6e,USDC,20.599610750688388
88,2022-08-24,0xb31f66aa3c1e785363f0875a1b74e27b85fd66c7,AVAX,13.928838717065576
89,2022-08-24,0xa7d7079b0fead91f3e65f86e8915cb59c1a4c664,USDC.e,32.67432805795132
90,2022-08-24,0x50b7545627a5162f82a992c33b87adc75187b218,WBTC.e,15.415105743653061
91,2022-08-24,0x49d5c2bdffac6ce2bfdb6640f4f80f226bc10bab,WETH.e,14.79052730790353
92,2022-08-24,0x152b9d0fdc40c096757f570a51e494bd4b943e50,BTC.b,2.5915894227381244
93,2022-08-23,0xb97ef9ef8734c71904d8002f8b6bc66dd9c48a6e,USDC,19.606082842007755
94,2022-08-23,0xb31f66aa3c1e785363f0875a1b74e27b85fd66c7,AVAX,14.517255006543612
95,2022-08-23,0xa7d7079b0fead91f3e65f86e8915cb59c1a4c664,USDC.e,32.527085439221175
96,2022-08-23,0x50b7545627a5162f82a992c33b87adc75187b218,WBTC.e,15.887324428036981
97,2022-08-23,0x49d5c2bdffac6ce2bfdb6640f4f80f226bc10bab,WETH.e,14.868116136869089
98,2022-08-23,0x152b9d0fdc40c096757f570a51e494bd4b943e50,BTC.b,2.593436748054286
99,2022-08-23,0x130966628846bfd36ff31a822705796e8cb8c18d,MIM,0.0006993992671004049
100,2022-08-22,0xb97ef9ef8734c71904d8002f8b6bc66dd9c48a6e,USDC,18.315797304155264
101,2022-08-22,0xb31f66aa3c1e785363f0875a1b74e27b85fd66c7,AVAX,14.079234992924937
102,2022-08-22,0xa7d7079b0fead91f3e65f86e8915cb59c1a4c664,USDC.e,33.628976640133374
103,2022-08-22,0x50b7545627a5162f82a992c33b87adc75187b218,WBTC.e,16.427958207028965
104,2022-08-22,0x49d5c2bdffac6ce2bfdb6640f4f80f226bc10bab,WETH.e,14.88202081342718
105,2022-08-22,0x152b9d0fdc40c096757f570a51e494bd4b943e50,BTC.b,2.6660120423302818
106,2022-08-21,0xb97ef9ef8734c71904d8002f8b6bc66dd9c48a6e,USDC,18.628296097783778
107,2022-08-21,0xb31f66aa3c1e785363f0875a1b74e27b85fd66c7,AVAX,14.069128574741962
108,2022-08-21,0xa7d7079b0fead91f3e65f86e8915cb59c1a4c664,USDC.e,33.90291402792639
109,2022-08-21,0x50b7545627a5162f82a992c33b87adc75187b218,WBTC.e,16.328992745153126
110,2022-08-21,0x49d5c2bdffac6ce2bfdb6640f4f80f226bc10bab,WETH.e,14.565129033534538
111,2022-08-21,0x152b9d0fdc40c096757f570a51e494bd4b943e50,BTC.b,2.5055395208602023
112,2022-08-20,0xb97ef9ef8734c71904d8002f8b6bc66dd9c48a6e,USDC,24.03672026824243
113,2022-08-20,0xb31f66aa3c1e785363f0875a1b74e27b85fd66c7,AVAX,13.938589939342048
114,2022-08-20,0xa7d7079b0fead91f3e65f86e8915cb59c1a4c664,USDC.e,27.842767034165263
115,2022-08-20,0x50b7545627a5162f82a992c33b87adc75187b218,WBTC.e,17.101286618119538
116,2022-08-20,0x49d5c2bdffac6ce2bfdb6640f4f80f226bc10bab,WETH.e,14.601389062505165
117,2022-08-20,0x152b9d0fdc40c096757f570a51e494bd4b943e50,BTC.b,2.4785025637203666
118,2022-08-20,0x130966628846bfd36ff31a822705796e8cb8c18d,MIM,0.0007445139051905294
119,2022-08-19,0xb97ef9ef8734c71904d8002f8b6bc66dd9c48a6e,USDC,23.885071360016532
120,2022-08-19,0xb31f66aa3c1e785363f0875a1b74e27b85fd66c7,AVAX,13.893358407831148
121,2022-08-19,0xa7d7079b0fead91f3e65f86e8915cb59c1a4c664,USDC.e,27.972168467079563
122,2022-08-19,0x50b7545627a5162f82a992c33b87adc75187b218,WBTC.e,19.311607149680704
123,2022-08-19,0x49d5c2bdffac6ce2bfdb6640f4f80f226bc10bab,WETH.e,14.912011249719129
124,2022-08-19,0x152b9d0fdc40c096757f570a51e494bd4b943e50,BTC.b,0.025039710513368833
125,2022-08-19,0x130966628846bfd36ff31a822705796e8cb8c18d,MIM,0.0007436551595580871
126,2022-08-18,0xb97ef9ef8734c71904d8002f8b6bc66dd9c48a6e,USDC,24.491527767147268
127,2022-08-18,0xb31f66aa3c1e785363f0875a1b74e27b85fd66c7,AVAX,13.287546050561632
128,2022-08-18,0xa7d7079b0fead91f3e65f86e8915cb59c1a4c664,USDC.e,28.830594067727823
129,2022-08-18,0x50b7545627a5162f82a992c33b87adc75187b218,WBTC.e,17.563128742040664
130,2022-08-18,0x49d5c2bdffac6ce2bfdb6640f4f80f226bc10bab,WETH.e,15.826500958327317
131,2022-08-18,0x130966628846bfd36ff31a822705796e8cb8c18d,MIM,0.000702414195291722
132,2022-08-17,0xb97ef9ef8734c71904d8002f8b6bc66dd9c48a6e,USDC,23.530820031854525
133,2022-08-17,0xb31f66aa3c1e785363f0875a1b74e27b85fd66c7,AVAX,13.560295844939924
134,2022-08-17,0xa7d7079b0fead91f3e65f86e8915cb59c1a4c664,USDC.e,30.047252108402436
135,2022-08-17,0x50b7545627a5162f82a992c33b87adc75187b218,WBTC.e,17.359760126871134
136,2022-08-17,0x49d5c2bdffac6ce2bfdb6640f4f80f226bc10bab,WETH.e,15.501137669638263
137,2022-08-17,0x130966628846bfd36ff31a822705796e8cb8c18d,MIM,0.000734218293716433
138,2022-08-16,0xb97ef9ef8734c71904d8002f8b6bc66dd9c48a6e,USDC,23.917977436287256
139,2022-08-16,0xb31f66aa3c1e785363f0875a1b74e27b85fd66c7,AVAX,13.837801432299338
140,2022-08-16,0xa7d7079b0fead91f3e65f86e8915cb59c1a4c664,USDC.e,29.531798235612836
141,2022-08-16,0x50b7545627a5162f82a992c33b87adc75187b218,WBTC.e,17.19133730300126
142,2022-08-16,0x49d5c2bdffac6ce2bfdb6640f4f80f226bc10bab,WETH.e,15.521085592799313
143,2022-08-15,0xb97ef9ef8734c71904d8002f8b6bc66dd9c48a6e,USDC,27.59643102329856
144,2022-08-15,0xb31f66aa3c1e785363f0875a1b74e27b85fd66c7,AVAX,10.314719399772308
145,2022-08-15,0xa7d7079b0fead91f3e65f86e8915cb59c1a4c664,USDC.e,29.847180172024494
146,2022-08-15,0x50b7545627a5162f82a992c33b87adc75187b218,WBTC.e,17.281656989841203
147,2022-08-15,0x49d5c2bdffac6ce2bfdb6640f4f80f226bc10bab,WETH.e,14.959273241954918
148,2022-08-15,0x130966628846bfd36ff31a822705796e8cb8c18d,MIM,0.0007391731085177037
149,2022-08-14,0xb97ef9ef8734c71904d8002f8b6bc66dd9c48a6e,USDC,27.996160931203228
150,2022-08-14,0xb31f66aa3c1e785363f0875a1b74e27b85fd66c7,AVAX,10.274861833854086
151,2022-08-14,0xa7d7079b0fead91f3e65f86e8915cb59c1a4c664,USDC.e,28.938686783341968
152,2022-08-14,0x50b7545627a5162f82a992c33b87adc75187b218,WBTC.e,17.50539268462841
153,2022-08-14,0x49d5c2bdffac6ce2bfdb6640f4f80f226bc10bab,WETH.e,15.284897766972307
154,2022-08-13,0xb97ef9ef8734c71904d8002f8b6bc66dd9c48a6e,USDC,28.158169648349514
155,2022-08-13,0xb31f66aa3c1e785363f0875a1b74e27b85fd66c7,AVAX,10.51211872674808
156,2022-08-13,0xa7d7079b0fead91f3e65f86e8915cb59c1a4c664,USDC.e,28.29896578285139
157,2022-08-13,0x50b7545627a5162f82a992c33b87adc75187b218,WBTC.e,17.365472673735088
158,2022-08-13,0x49d5c2bdffac6ce2bfdb6640f4f80f226bc10bab,WETH.e,15.66527316831593
159,2022-08-12,0xb97ef9ef8734c71904d8002f8b6bc66dd9c48a6e,USDC,27.707753674529894
160,2022-08-12,0xb31f66aa3c1e785363f0875a1b74e27b85fd66c7,AVAX,10.52506948571567
161,2022-08-12,0xa7d7079b0fead91f3e65f86e8915cb59c1a4c664,USDC.e,28.76755536926447
162,2022-08-12,0x50b7545627a5162f82a992c33b87adc75187b218,WBTC.e,17.24264623293957
163,2022-08-12,0x49d5c2bdffac6ce2bfdb6640f4f80f226bc10bab,WETH.e,15.756223117810585
164,2022-08-12,0x130966628846bfd36ff31a822705796e8cb8c18d,MIM,0.000752119739807744
165,2022-08-11,0xb97ef9ef8734c71904d8002f8b6bc66dd9c48a6e,USDC,26.156468030077058
166,2022-08-11,0xb31f66aa3c1e785363f0875a1b74e27b85fd66c7,AVAX,10.107459911765114
167,2022-08-11,0xa7d7079b0fead91f3e65f86e8915cb59c1a4c664,USDC.e,31.130796085052516
168,2022-08-11,0x50b7545627a5162f82a992c33b87adc75187b218,WBTC.e,16.863648015193046
169,2022-08-11,0x49d5c2bdffac6ce2bfdb6640f4f80f226bc10bab,WETH.e,15.74085238841168
170,2022-08-11,0x130966628846bfd36ff31a822705796e8cb8c18d,MIM,0.0007755695005856443
171,2022-08-10,0xb97ef9ef8734c71904d8002f8b6bc66dd9c48a6e,USDC,25.989674567145773
172,2022-08-10,0xb31f66aa3c1e785363f0875a1b74e27b85fd66c7,AVAX,10.099227515690144
173,2022-08-10,0xa7d7079b0fead91f3e65f86e8915cb59c1a4c664,USDC.e,31.12727242126167
174,2022-08-10,0x50b7545627a5162f82a992c33b87adc75187b218,WBTC.e,16.704268832413998
175,2022-08-10,0x49d5c2bdffac6ce2bfdb6640f4f80f226bc10bab,WETH.e,16.078742413388763
176,2022-08-10,0x130966628846bfd36ff31a822705796e8cb8c18d,MIM,0.0008142500996497686
177,2022-08-09,0xb97ef9ef8734c71904d8002f8b6bc66dd9c48a6e,USDC,26.383385890285407
178,2022-08-09,0xb31f66aa3c1e785363f0875a1b74e27b85fd66c7,AVAX,13.764784895367795
179,2022-08-09,0xa7d7079b0fead91f3e65f86e8915cb59c1a4c664,USDC.e,28.1841234833573
180,2022-08-09,0x50b7545627a5162f82a992c33b87adc75187b218,WBTC.e,16.86071409445528
181,2022-08-09,0x49d5c2bdffac6ce2bfdb6640f4f80f226bc10bab,WETH.e,14.806162204988855
182,2022-08-09,0x130966628846bfd36ff31a822705796e8cb8c18d,MIM,0.0008294315453620246
183,2022-08-08,0xb97ef9ef8734c71904d8002f8b6bc66dd9c48a6e,USDC,25.75071251175535
184,2022-08-08,0xb31f66aa3c1e785363f0875a1b74e27b85fd66c7,AVAX,13.440003686513231
185,2022-08-08,0xa7d7079b0fead91f3e65f86e8915cb59c1a4c664,USDC.e,27.783447705074245
186,2022-08-08,0x50b7545627a5162f82a992c33b87adc75187b218,WBTC.e,17.255255146315083
187,2022-08-08,0x49d5c2bdffac6ce2bfdb6640f4f80f226bc10bab,WETH.e,15.769752755750238
188,2022-08-08,0x130966628846bfd36ff31a822705796e8cb8c18d,MIM,0.0008281945918570728
189,2022-08-07,0xb97ef9ef8734c71904d8002f8b6bc66dd9c48a6e,USDC,25.748217172716373
190,2022-08-07,0xb31f66aa3c1e785363f0875a1b74e27b85fd66c7,AVAX,14.264580186135554
191,2022-08-07,0xa7d7079b0fead91f3e65f86e8915cb59c1a4c664,USDC.e,27.896841773095236
192,2022-08-07,0x50b7545627a5162f82a992c33b87adc75187b218,WBTC.e,16.85874115398389
193,2022-08-07,0x49d5c2bdffac6ce2bfdb6640f4f80f226bc10bab,WETH.e,15.230760079652741
194,2022-08-07,0x130966628846bfd36ff31a822705796e8cb8c18d,MIM,0.0008596344162044953
195,2022-08-06,0xb97ef9ef8734c71904d8002f8b6bc66dd9c48a6e,USDC,24.53649647733584
196,2022-08-06,0xb31f66aa3c1e785363f0875a1b74e27b85fd66c7,AVAX,14.488210163792075
197,2022-08-06,0xa7d7079b0fead91f3e65f86e8915cb59c1a4c664,USDC.e,28.30848321399147
198,2022-08-06,0x50b7545627a5162f82a992c33b87adc75187b218,WBTC.e,16.9453193939252
199,2022-08-06,0x49d5c2bdffac6ce2bfdb6640f4f80f226bc10bab,WETH.e,15.71980386478857
200,2022-08-06,0x130966628846bfd36ff31a822705796e8cb8c18d,MIM,0.0016868861668465564
201,2022-08-05,0xb97ef9ef8734c71904d8002f8b6bc66dd9c48a6e,USDC,23.94669086087962
202,2022-08-05,0xb31f66aa3c1e785363f0875a1b74e27b85fd66c7,AVAX,14.20394586595882
203,2022-08-05,0xa7d7079b0fead91f3e65f86e8915cb59c1a4c664,USDC.e,27.86166655417054
204,2022-08-05,0x50b7545627a5162f82a992c33b87adc75187b218,WBTC.e,17.490867926781668
205,2022-08-05,0x49d5c2bdffac6ce2bfdb6640f4f80f226bc10bab,WETH.e,16.49508454995451
206,2022-08-05,0x130966628846bfd36ff31a822705796e8cb8c18d,MIM,0.0017442422548401687
207,2022-08-04,0xb97ef9ef8734c71904d8002f8b6bc66dd9c48a6e,USDC,23.953904540745658
208,2022-08-04,0xb31f66aa3c1e785363f0875a1b74e27b85fd66c7,AVAX,13.907568803698105
209,2022-08-04,0xa7d7079b0fead91f3e65f86e8915cb59c1a4c664,USDC.e,29.360648349570443
210,2022-08-04,0x50b7545627a5162f82a992c33b87adc75187b218,WBTC.e,16.480332211674828
211,2022-08-04,0x49d5c2bdffac6ce2bfdb6640f4f80f226bc10bab,WETH.e,16.295788283560732
212,2022-08-04,0x130966628846bfd36ff31a822705796e8cb8c18d,MIM,0.0017578107502338874
213,2022-08-03,0xb97ef9ef8734c71904d8002f8b6bc66dd9c48a6e,USDC,23.722548817897348
214,2022-08-03,0xb31f66aa3c1e785363f0875a1b74e27b85fd66c7,AVAX,14.496217431259428
215,2022-08-03,0xa7d7079b0fead91f3e65f86e8915cb59c1a4c664,USDC.e,30.103299004345963
216,2022-08-03,0x50b7545627a5162f82a992c33b87adc75187b218,WBTC.e,16.472225804835734
217,2022-08-03,0x49d5c2bdffac6ce2bfdb6640f4f80f226bc10bab,WETH.e,15.20387915597977
218,2022-08-03,0x130966628846bfd36ff31a822705796e8cb8c18d,MIM,0.0018297856817574688
219,2022-08-02,0xb97ef9ef8734c71904d8002f8b6bc66dd9c48a6e,USDC,24.516414255494833
220,2022-08-02,0xb31f66aa3c1e785363f0875a1b74e27b85fd66c7,AVAX,13.71842787647993
221,2022-08-02,0xa7d7079b0fead91f3e65f86e8915cb59c1a4c664,USDC.e,31.097208309833828
222,2022-08-02,0x50b7545627a5162f82a992c33b87adc75187b218,WBTC.e,15.498908495772167
223,2022-08-02,0x49d5c2bdffac6ce2bfdb6640f4f80f226bc10bab,WETH.e,15.166568818618789
224,2022-08-02,0x130966628846bfd36ff31a822705796e8cb8c18d,MIM,0.0024722438004507116
225,2022-08-01,0xb97ef9ef8734c71904d8002f8b6bc66dd9c48a6e,USDC,23.558191958190832
226,2022-08-01,0xb31f66aa3c1e785363f0875a1b74e27b85fd66c7,AVAX,13.487784998738189
227,2022-08-01,0xa7d7079b0fead91f3e65f86e8915cb59c1a4c664,USDC.e,31.85222446088844
228,2022-08-01,0x50b7545627a5162f82a992c33b87adc75187b218,WBTC.e,15.764932645167908
229,2022-08-01,0x49d5c2bdffac6ce2bfdb6640f4f80f226bc10bab,WETH.e,15.334142345014127
230,2022-08-01,0x130966628846bfd36ff31a822705796e8cb8c18d,MIM,0.002723592000503497
231,2022-07-31,0xb97ef9ef8734c71904d8002f8b6bc66dd9c48a6e,USDC,21.488899273465176
232,2022-07-31,0xb31f66aa3c1e785363f0875a1b74e27b85fd66c7,AVAX,13.745286009450773
233,2022-07-31,0xa7d7079b0fead91f3e65f86e8915cb59c1a4c664,USDC.e,33.752631411485105
234,2022-07-31,0x50b7545627a5162f82a992c33b87adc75187b218,WBTC.e,14.79845042469397
235,2022-07-31,0x49d5c2bdffac6ce2bfdb6640f4f80f226bc10bab,WETH.e,16.211941725225024
236,2022-07-31,0x130966628846bfd36ff31a822705796e8cb8c18d,MIM,0.0027911556799515534
237,2022-07-30,0xb97ef9ef8734c71904d8002f8b6bc66dd9c48a6e,USDC,21.448616361348858
238,2022-07-30,0xb31f66aa3c1e785363f0875a1b74e27b85fd66c7,AVAX,13.346818171130536
239,2022-07-30,0xa7d7079b0fead91f3e65f86e8915cb59c1a4c664,USDC.e,34.18838251226429
240,2022-07-30,0x50b7545627a5162f82a992c33b87adc75187b218,WBTC.e,14.7538865403387
241,2022-07-30,0x49d5c2bdffac6ce2bfdb6640f4f80f226bc10bab,WETH.e,16.259158696038945
242,2022-07-30,0x130966628846bfd36ff31a822705796e8cb8c18d,MIM,0.003137718878676289
243,2022-07-29,0xb97ef9ef8734c71904d8002f8b6bc66dd9c48a6e,USDC,22.429590612755362
244,2022-07-29,0xb31f66aa3c1e785363f0875a1b74e27b85fd66c7,AVAX,13.382128131642048
245,2022-07-29,0xa7d7079b0fead91f3e65f86e8915cb59c1a4c664,USDC.e,31.557056513380868
246,2022-07-29,0x50b7545627a5162f82a992c33b87adc75187b218,WBTC.e,15.370546547286239
247,2022-07-29,0x49d5c2bdffac6ce2bfdb6640f4f80f226bc10bab,WETH.e,17.257064071277334
248,2022-07-29,0x130966628846bfd36ff31a822705796e8cb8c18d,MIM,0.003614123658146508
249,2022-07-28,0xb97ef9ef8734c71904d8002f8b6bc66dd9c48a6e,USDC,21.50529052275308
250,2022-07-28,0xb31f66aa3c1e785363f0875a1b74e27b85fd66c7,AVAX,13.080959604460777
251,2022-07-28,0xa7d7079b0fead91f3e65f86e8915cb59c1a4c664,USDC.e,32.095337059618316
252,2022-07-28,0x50b7545627a5162f82a992c33b87adc75187b218,WBTC.e,15.537715052377777
253,2022-07-28,0x49d5c2bdffac6ce2bfdb6640f4f80f226bc10bab,WETH.e,17.77628631089334
254,2022-07-28,0x130966628846bfd36ff31a822705796e8cb8c18d,MIM,0.004411449896713829
255,2022-07-27,0xb97ef9ef8734c71904d8002f8b6bc66dd9c48a6e,USDC,20.76872185917576
256,2022-07-27,0xb31f66aa3c1e785363f0875a1b74e27b85fd66c7,AVAX,12.313608500193345
257,2022-07-27,0xa7d7079b0fead91f3e65f86e8915cb59c1a4c664,USDC.e,34.20168846042872
258,2022-07-27,0x50b7545627a5162f82a992c33b87adc75187b218,WBTC.e,15.26608298507528
259,2022-07-27,0x49d5c2bdffac6ce2bfdb6640f4f80f226bc10bab,WETH.e,17.436286221324398
260,2022-07-27,0x130966628846bfd36ff31a822705796e8cb8c18d,MIM,0.013611973802497769
261,2022-07-26,0xb97ef9ef8734c71904d8002f8b6bc66dd9c48a6e,USDC,17.32582425961362
262,2022-07-26,0xb31f66aa3c1e785363f0875a1b74e27b85fd66c7,AVAX,15.723558536674622
263,2022-07-26,0xa7d7079b0fead91f3e65f86e8915cb59c1a4c664,USDC.e,35.22474250198988
264,2022-07-26,0x50b7545627a5162f82a992c33b87adc75187b218,WBTC.e,15.230617329389156
265,2022-07-26,0x49d5c2bdffac6ce2bfdb6640f4f80f226bc10bab,WETH.e,16.470641303366044
266,2022-07-26,0x130966628846bfd36ff31a822705796e8cb8c18d,MIM,0.02461606896668066
267,2022-07-25,0xb97ef9ef8734c71904d8002f8b6bc66dd9c48a6e,USDC,20.206204053432508
268,2022-07-25,0xb31f66aa3c1e785363f0875a1b74e27b85fd66c7,AVAX,13.557882072103883
269,2022-07-25,0xa7d7079b0fead91f3e65f86e8915cb59c1a4c664,USDC.e,38.330912672964274
270,2022-07-25,0x50b7545627a5162f82a992c33b87adc75187b218,WBTC.e,14.733550528556355
271,2022-07-25,0x49d5c2bdffac6ce2bfdb6640f4f80f226bc10bab,WETH.e,13.171450672942978
272,2022-07-24,0xb97ef9ef8734c71904d8002f8b6bc66dd9c48a6e,USDC,20.909498045968977
273,2022-07-24,0xb31f66aa3c1e785363f0875a1b74e27b85fd66c7,AVAX,13.78941591061639
274,2022-07-24,0xa7d7079b0fead91f3e65f86e8915cb59c1a4c664,USDC.e,37.789453865061155
275,2022-07-24,0x50b7545627a5162f82a992c33b87adc75187b218,WBTC.e,13.302132710523122
276,2022-07-24,0x49d5c2bdffac6ce2bfdb6640f4f80f226bc10bab,WETH.e,14.209499467830355
277,2022-07-23,0xb97ef9ef8734c71904d8002f8b6bc66dd9c48a6e,USDC,20.077989635106924
278,2022-07-23,0xb31f66aa3c1e785363f0875a1b74e27b85fd66c7,AVAX,13.922696089927344
279,2022-07-23,0xa7d7079b0fead91f3e65f86e8915cb59c1a4c664,USDC.e,38.046137923223185
280,2022-07-23,0x50b7545627a5162f82a992c33b87adc75187b218,WBTC.e,14.218992946551902
281,2022-07-23,0x49d5c2bdffac6ce2bfdb6640f4f80f226bc10bab,WETH.e,13.734183405190642
282,2022-07-22,0xb97ef9ef8734c71904d8002f8b6bc66dd9c48a6e,USDC,20.843458012753967
283,2022-07-22,0xb31f66aa3c1e785363f0875a1b74e27b85fd66c7,AVAX,13.763187333748036
284,2022-07-22,0xa7d7079b0fead91f3e65f86e8915cb59c1a4c664,USDC.e,37.691988306893286
285,2022-07-22,0x50b7545627a5162f82a992c33b87adc75187b218,WBTC.e,14.117426343985779
286,2022-07-22,0x49d5c2bdffac6ce2bfdb6640f4f80f226bc10bab,WETH.e,13.58394000261893
287,2022-07-21,0xb97ef9ef8734c71904d8002f8b6bc66dd9c48a6e,USDC,17.381559570120668
288,2022-07-21,0xb31f66aa3c1e785363f0875a1b74e27b85fd66c7,AVAX,14.52790535407685
289,2022-07-21,0xa7d7079b0fead91f3e65f86e8915cb59c1a4c664,USDC.e,37.903656197073154
290,2022-07-21,0x50b7545627a5162f82a992c33b87adc75187b218,WBTC.e,16.03962670327052
291,2022-07-21,0x49d5c2bdffac6ce2bfdb6640f4f80f226bc10bab,WETH.e,14.147252175458807
292,2022-07-20,0xb97ef9ef8734c71904d8002f8b6bc66dd9c48a6e,USDC,17.331871787049323
293,2022-07-20,0xb31f66aa3c1e785363f0875a1b74e27b85fd66c7,AVAX,13.748771440501725
294,2022-07-20,0xa7d7079b0fead91f3e65f86e8915cb59c1a4c664,USDC.e,39.53354137856059
295,2022-07-20,0x50b7545627a5162f82a992c33b87adc75187b218,WBTC.e,15.482421503924304
296,2022-07-20,0x49d5c2bdffac6ce2bfdb6640f4f80f226bc10bab,WETH.e,13.903393889964054
297,2022-07-19,0xb97ef9ef8734c71904d8002f8b6bc66dd9c48a6e,USDC,19.443583765832884
298,2022-07-19,0xb31f66aa3c1e785363f0875a1b74e27b85fd66c7,AVAX,13.228112687944629
299,2022-07-19,0xa7d7079b0fead91f3e65f86e8915cb59c1a4c664,USDC.e,36.68448136641677
300,2022-07-19,0x50b7545627a5162f82a992c33b87adc75187b218,WBTC.e,15.344379009953759
301,2022-07-19,0x49d5c2bdffac6ce2bfdb6640f4f80f226bc10bab,WETH.e,15.299443169851958
302,2022-07-18,0xb97ef9ef8734c71904d8002f8b6bc66dd9c48a6e,USDC,18.856368466000824
303,2022-07-18,0xb31f66aa3c1e785363f0875a1b74e27b85fd66c7,AVAX,13.091611136846439
304,2022-07-18,0xa7d7079b0fead91f3e65f86e8915cb59c1a4c664,USDC.e,35.405383039109026
305,2022-07-18,0x50b7545627a5162f82a992c33b87adc75187b218,WBTC.e,16.474212814568315
306,2022-07-18,0x49d5c2bdffac6ce2bfdb6640f4f80f226bc10bab,WETH.e,16.172424543475397
307,2022-07-17,0xb97ef9ef8734c71904d8002f8b6bc66dd9c48a6e,USDC,21.038917259194232
308,2022-07-17,0xb31f66aa3c1e785363f0875a1b74e27b85fd66c7,AVAX,12.198831922981844
309,2022-07-17,0xa7d7079b0fead91f3e65f86e8915cb59c1a4c664,USDC.e,35.752371655129245
310,2022-07-17,0x50b7545627a5162f82a992c33b87adc75187b218,WBTC.e,16.38593924570781
311,2022-07-17,0x49d5c2bdffac6ce2bfdb6640f4f80f226bc10bab,WETH.e,14.623939916986869
312,2022-07-16,0xb97ef9ef8734c71904d8002f8b6bc66dd9c48a6e,USDC,20.34435932324756
313,2022-07-16,0xb31f66aa3c1e785363f0875a1b74e27b85fd66c7,AVAX,12.322282932669685
314,2022-07-16,0xa7d7079b0fead91f3e65f86e8915cb59c1a4c664,USDC.e,35.82363820215039
315,2022-07-16,0x50b7545627a5162f82a992c33b87adc75187b218,WBTC.e,17.1761091211983
316,2022-07-16,0x49d5c2bdffac6ce2bfdb6640f4f80f226bc10bab,WETH.e,14.33361042073406
317,2022-07-15,0xb97ef9ef8734c71904d8002f8b6bc66dd9c48a6e,USDC,19.158143542711475
318,2022-07-15,0xb31f66aa3c1e785363f0875a1b74e27b85fd66c7,AVAX,10.446543694970348
319,2022-07-15,0xa7d7079b0fead91f3e65f86e8915cb59c1a4c664,USDC.e,37.33017131340143
320,2022-07-15,0x50b7545627a5162f82a992c33b87adc75187b218,WBTC.e,17.176120889155893
321,2022-07-15,0x49d5c2bdffac6ce2bfdb6640f4f80f226bc10bab,WETH.e,15.889020559760851
322,2022-07-14,0xb97ef9ef8734c71904d8002f8b6bc66dd9c48a6e,USDC,18.585220742856084
323,2022-07-14,0xb31f66aa3c1e785363f0875a1b74e27b85fd66c7,AVAX,9.936961132826193
324,2022-07-14,0xa7d7079b0fead91f3e65f86e8915cb59c1a4c664,USDC.e,38.25428520401218
325,2022-07-14,0x50b7545627a5162f82a992c33b87adc75187b218,WBTC.e,17.916936328487328
326,2022-07-14,0x49d5c2bdffac6ce2bfdb6640f4f80f226bc10bab,WETH.e,15.306596591818217
327,2022-07-13,0xb97ef9ef8734c71904d8002f8b6bc66dd9c48a6e,USDC,17.12847725636698
328,2022-07-13,0xb31f66aa3c1e785363f0875a1b74e27b85fd66c7,AVAX,9.887873079466772
329,2022-07-13,0xa7d7079b0fead91f3e65f86e8915cb59c1a4c664,USDC.e,40.30141634371614
330,2022-07-13,0x50b7545627a5162f82a992c33b87adc75187b218,WBTC.e,17.949077459347006
331,2022-07-13,0x49d5c2bdffac6ce2bfdb6640f4f80f226bc10bab,WETH.e,14.733155861103098
332,2022-07-12,0xb97ef9ef8734c71904d8002f8b6bc66dd9c48a6e,USDC,16.237365947525596
333,2022-07-12,0xb31f66aa3c1e785363f0875a1b74e27b85fd66c7,AVAX,8.589134722182711
334,2022-07-12,0xa7d7079b0fead91f3e65f86e8915cb59c1a4c664,USDC.e,42.55446983120157
335,2022-07-12,0x50b7545627a5162f82a992c33b87adc75187b218,WBTC.e,17.143806526082134
336,2022-07-12,0x49d5c2bdffac6ce2bfdb6640f4f80f226bc10bab,WETH.e,15.475222973007986
337,2022-07-11,0xb97ef9ef8734c71904d8002f8b6bc66dd9c48a6e,USDC,17.721767624944547
338,2022-07-11,0xb31f66aa3c1e785363f0875a1b74e27b85fd66c7,AVAX,8.370164794240766
339,2022-07-11,0xa7d7079b0fead91f3e65f86e8915cb59c1a4c664,USDC.e,41.13403605146301
340,2022-07-11,0x50b7545627a5162f82a992c33b87adc75187b218,WBTC.e,16.30821747946147
341,2022-07-11,0x49d5c2bdffac6ce2bfdb6640f4f80f226bc10bab,WETH.e,16.465814049890206
342,2022-07-10,0xb97ef9ef8734c71904d8002f8b6bc66dd9c48a6e,USDC,22.427310223287996
343,2022-07-10,0xb31f66aa3c1e785363f0875a1b74e27b85fd66c7,AVAX,7.59516269100104
344,2022-07-10,0xa7d7079b0fead91f3e65f86e8915cb59c1a4c664,USDC.e,38.40415745798212
345,2022-07-10,0x50b7545627a5162f82a992c33b87adc75187b218,WBTC.e,15.457649415895064
346,2022-07-10,0x49d5c2bdffac6ce2bfdb6640f4f80f226bc10bab,WETH.e,16.115720211833775
347,2022-07-09,0xb97ef9ef8734c71904d8002f8b6bc66dd9c48a6e,USDC,21.58255024298162
348,2022-07-09,0xb31f66aa3c1e785363f0875a1b74e27b85fd66c7,AVAX,12.66467815189223
349,2022-07-09,0xa7d7079b0fead91f3e65f86e8915cb59c1a4c664,USDC.e,33.625897757861985
350,2022-07-09,0x50b7545627a5162f82a992c33b87adc75187b218,WBTC.e,15.727977574732092
351,2022-07-09,0x49d5c2bdffac6ce2bfdb6640f4f80f226bc10bab,WETH.e,16.398896272532077
352,2022-07-08,0xb97ef9ef8734c71904d8002f8b6bc66dd9c48a6e,USDC,20.633554872243163
353,2022-07-08,0xb31f66aa3c1e785363f0875a1b74e27b85fd66c7,AVAX,12.625363291177182
354,2022-07-08,0xa7d7079b0fead91f3e65f86e8915cb59c1a4c664,USDC.e,35.16195985932022
355,2022-07-08,0x50b7545627a5162f82a992c33b87adc75187b218,WBTC.e,15.491960954749507
356,2022-07-08,0x49d5c2bdffac6ce2bfdb6640f4f80f226bc10bab,WETH.e,16.087161022509928
357,2022-07-07,0xb97ef9ef8734c71904d8002f8b6bc66dd9c48a6e,USDC,20.60487820170713
358,2022-07-07,0xb31f66aa3c1e785363f0875a1b74e27b85fd66c7,AVAX,10.284385984311717
359,2022-07-07,0xa7d7079b0fead91f3e65f86e8915cb59c1a4c664,USDC.e,38.54073268676653
360,2022-07-07,0x50b7545627a5162f82a992c33b87adc75187b218,WBTC.e,17.020914485427372
361,2022-07-07,0x49d5c2bdffac6ce2bfdb6640f4f80f226bc10bab,WETH.e,13.549088641787252
362,2022-07-06,0xb97ef9ef8734c71904d8002f8b6bc66dd9c48a6e,USDC,20.287424648640982
363,2022-07-06,0xb31f66aa3c1e785363f0875a1b74e27b85fd66c7,AVAX,8.62404116088842
364,2022-07-06,0xa7d7079b0fead91f3e65f86e8915cb59c1a4c664,USDC.e,40.938471265405454
365,2022-07-06,0x50b7545627a5162f82a992c33b87adc75187b218,WBTC.e,16.78449965813091
366,2022-07-06,0x49d5c2bdffac6ce2bfdb6640f4f80f226bc10bab,WETH.e,13.365563266934233
367,2022-07-05,0xb97ef9ef8734c71904d8002f8b6bc66dd9c48a6e,USDC,9.866684076793977
368,2022-07-05,0xb31f66aa3c1e785363f0875a1b74e27b85fd66c7,AVAX,8.722626279252795
369,2022-07-05,0xa7d7079b0fead91f3e65f86e8915cb59c1a4c664,USDC.e,49.305335853997015
370,2022-07-05,0x50b7545627a5162f82a992c33b87adc75187b218,WBTC.e,17.889212776349034
371,2022-07-05,0x49d5c2bdffac6ce2bfdb6640f4f80f226bc10bab,WETH.e,14.216141013607178
372,2022-07-04,0xb97ef9ef8734c71904d8002f8b6bc66dd9c48a6e,USDC,20.47905223926407
373,2022-07-04,0xb31f66aa3c1e785363f0875a1b74e27b85fd66c7,AVAX,9.050155555022144
374,2022-07-04,0xa7d7079b0fead91f3e65f86e8915cb59c1a4c664,USDC.e,32.14327539359786
375,2022-07-04,0x50b7545627a5162f82a992c33b87adc75187b218,WBTC.e,21.34085265789687
376,2022-07-04,0x49d5c2bdffac6ce2bfdb6640f4f80f226bc10bab,WETH.e,16.986664154219053
377,2022-07-03,0xb97ef9ef8734c71904d8002f8b6bc66dd9c48a6e,USDC,19.60062290635706
378,2022-07-03,0xb31f66aa3c1e785363f0875a1b74e27b85fd66c7,AVAX,8.281625997600115
379,2022-07-03,0xa7d7079b0fead91f3e65f86e8915cb59c1a4c664,USDC.e,33.540104377783145
380,2022-07-03,0x50b7545627a5162f82a992c33b87adc75187b218,WBTC.e,21.217274248810682
381,2022-07-03,0x49d5c2bdffac6ce2bfdb6640f4f80f226bc10bab,WETH.e,17.360372469449
382,2022-07-02,0xb97ef9ef8734c71904d8002f8b6bc66dd9c48a6e,USDC,14.414743034264813
383,2022-07-02,0xb31f66aa3c1e785363f0875a1b74e27b85fd66c7,AVAX,9.233913886148327
384,2022-07-02,0xa7d7079b0fead91f3e65f86e8915cb59c1a4c664,USDC.e,37.28353222109674
385,2022-07-02,0x50b7545627a5162f82a992c33b87adc75187b218,WBTC.e,21.68718376642148
386,2022-07-02,0x49d5c2bdffac6ce2bfdb6640f4f80f226bc10bab,WETH.e,17.380578366414955
387,2022-07-02,0x130966628846bfd36ff31a822705796e8cb8c18d,MIM,4.8725653682604247e-05
388,2022-07-01,0xb97ef9ef8734c71904d8002f8b6bc66dd9c48a6e,USDC,13.264577116771472
389,2022-07-01,0xb31f66aa3c1e785363f0875a1b74e27b85fd66c7,AVAX,9.033514424604315
390,2022-07-01,0xa7d7079b0fead91f3e65f86e8915cb59c1a4c664,USDC.e,38.43559132921602
391,2022-07-01,0x50b7545627a5162f82a992c33b87adc75187b218,WBTC.e,21.9161104846868
392,2022-07-01,0x49d5c2bdffac6ce2bfdb6640f4f80f226bc10bab,WETH.e,17.3502066447214
393,2022-06-30,0xb97ef9ef8734c71904d8002f8b6bc66dd9c48a6e,USDC,12.379972727372312
394,2022-06-30,0xb31f66aa3c1e785363f0875a1b74e27b85fd66c7,AVAX,8.692007213065049
395,2022-06-30,0xa7d7079b0fead91f3e65f86e8915cb59c1a4c664,USDC.e,38.77173908809607
396,2022-06-30,0x50b7545627a5162f82a992c33b87adc75187b218,WBTC.e,22.92068678915529
397,2022-06-30,0x49d5c2bdffac6ce2bfdb6640f4f80f226bc10bab,WETH.e,17.23559418231128
398,2022-06-29,0xb97ef9ef8734c71904d8002f8b6bc66dd9c48a6e,USDC,13.22625896326146
399,2022-06-29,0xb31f66aa3c1e785363f0875a1b74e27b85fd66c7,AVAX,8.831102683922259
400,2022-06-29,0xa7d7079b0fead91f3e65f86e8915cb59c1a4c664,USDC.e,39.712066340710834
401,2022-06-29,0x50b7545627a5162f82a992c33b87adc75187b218,WBTC.e,21.993986233268327
402,2022-06-29,0x49d5c2bdffac6ce2bfdb6640f4f80f226bc10bab,WETH.e,16.236585778837117
403,2022-06-28,0xb97ef9ef8734c71904d8002f8b6bc66dd9c48a6e,USDC,17.69282745133385
404,2022-06-28,0xb31f66aa3c1e785363f0875a1b74e27b85fd66c7,AVAX,11.808505356614225
405,2022-06-28,0xa7d7079b0fead91f3e65f86e8915cb59c1a4c664,USDC.e,35.20657987031728
406,2022-06-28,0x50b7545627a5162f82a992c33b87adc75187b218,WBTC.e,19.24139359008806
407,2022-06-28,0x49d5c2bdffac6ce2bfdb6640f4f80f226bc10bab,WETH.e,16.050635156321952
408,2022-06-28,0x130966628846bfd36ff31a822705796e8cb8c18d,MIM,5.857532463677771e-05
409,2022-06-27,0xb97ef9ef8734c71904d8002f8b6bc66dd9c48a6e,USDC,12.442704376584956
410,2022-06-27,0xb31f66aa3c1e785363f0875a1b74e27b85fd66c7,AVAX,12.321259330254849
411,2022-06-27,0xa7d7079b0fead91f3e65f86e8915cb59c1a4c664,USDC.e,38.90395786909302
412,2022-06-27,0x50b7545627a5162f82a992c33b87adc75187b218,WBTC.e,19.636270765406017
413,2022-06-27,0x49d5c2bdffac6ce2bfdb6640f4f80f226bc10bab,WETH.e,16.695807658661156
414,2022-06-26,0xb97ef9ef8734c71904d8002f8b6bc66dd9c48a6e,USDC,11.098142267067232
415,2022-06-26,0xb31f66aa3c1e785363f0875a1b74e27b85fd66c7,AVAX,16.720688422761103
416,2022-06-26,0xa7d7079b0fead91f3e65f86e8915cb59c1a4c664,USDC.e,39.685727128443794
417,2022-06-26,0x50b7545627a5162f82a992c33b87adc75187b218,WBTC.e,19.674432782017227
418,2022-06-26,0x49d5c2bdffac6ce2bfdb6640f4f80f226bc10bab,WETH.e,12.821009399710643
419,2022-06-25,0xb97ef9ef8734c71904d8002f8b6bc66dd9c48a6e,USDC,16.14663074077046
420,2022-06-25,0xb31f66aa3c1e785363f0875a1b74e27b85fd66c7,AVAX,19.116577012900244
421,2022-06-25,0xa7d7079b0fead91f3e65f86e8915cb59c1a4c664,USDC.e,33.43078886884535
422,2022-06-25,0x50b7545627a5162f82a992c33b87adc75187b218,WBTC.e,18.00385935569484
423,2022-06-25,0x49d5c2bdffac6ce2bfdb6640f4f80f226bc10bab,WETH.e,13.302144021789108
424,2022-06-24,0xb97ef9ef8734c71904d8002f8b6bc66dd9c48a6e,USDC,19.29412836885855
425,2022-06-24,0xb31f66aa3c1e785363f0875a1b74e27b85fd66c7,AVAX,6.9667061148798926
426,2022-06-24,0xa7d7079b0fead91f3e65f86e8915cb59c1a4c664,USDC.e,41.3343809429067
427,2022-06-24,0x50b7545627a5162f82a992c33b87adc75187b218,WBTC.e,19.555289928272263
428,2022-06-24,0x49d5c2bdffac6ce2bfdb6640f4f80f226bc10bab,WETH.e,12.849494645082594
429,2022-06-23,0xb97ef9ef8734c71904d8002f8b6bc66dd9c48a6e,USDC,23.546539313483486
430,2022-06-23,0xb31f66aa3c1e785363f0875a1b74e27b85fd66c7,AVAX,7.059374263781864
431,2022-06-23,0xa7d7079b0fead91f3e65f86e8915cb59c1a4c664,USDC.e,35.89427838071443
432,2022-06-23,0x50b7545627a5162f82a992c33b87adc75187b218,WBTC.e,20.317872872090394
433,2022-06-23,0x49d5c2bdffac6ce2bfdb6640f4f80f226bc10bab,WETH.e,13.181935169929826
434,2022-06-22,0xb97ef9ef8734c71904d8002f8b6bc66dd9c48a6e,USDC,22.173400697504015
435,2022-06-22,0xb31f66aa3c1e785363f0875a1b74e27b85fd66c7,AVAX,8.012925484048383
436,2022-06-22,0xa7d7079b0fead91f3e65f86e8915cb59c1a4c664,USDC.e,36.00515029156939
437,2022-06-22,0x50b7545627a5162f82a992c33b87adc75187b218,WBTC.e,21.32558319543202
438,2022-06-22,0x49d5c2bdffac6ce2bfdb6640f4f80f226bc10bab,WETH.e,12.482940331446189
439,2022-06-21,0xb97ef9ef8734c71904d8002f8b6bc66dd9c48a6e,USDC,16.97700438366908
440,2022-06-21,0xb31f66aa3c1e785363f0875a1b74e27b85fd66c7,AVAX,8.547936468007201
441,2022-06-21,0xa7d7079b0fead91f3e65f86e8915cb59c1a4c664,USDC.e,39.35181757221373
442,2022-06-21,0x50b7545627a5162f82a992c33b87adc75187b218,WBTC.e,21.911814981490462
443,2022-06-21,0x49d5c2bdffac6ce2bfdb6640f4f80f226bc10bab,WETH.e,13.211426594619525
444,2022-06-20,0xb97ef9ef8734c71904d8002f8b6bc66dd9c48a6e,USDC,17.90551236232748
445,2022-06-20,0xb31f66aa3c1e785363f0875a1b74e27b85fd66c7,AVAX,7.913026932231991
446,2022-06-20,0xa7d7079b0fead91f3e65f86e8915cb59c1a4c664,USDC.e,40.916748174564745
447,2022-06-20,0x50b7545627a5162f82a992c33b87adc75187b218,WBTC.e,21.55448329053007
448,2022-06-20,0x49d5c2bdffac6ce2bfdb6640f4f80f226bc10bab,WETH.e,11.71022924034571
449,2022-06-19,0xb97ef9ef8734c71904d8002f8b6bc66dd9c48a6e,USDC,16.287455781699368
450,2022-06-19,0xb31f66aa3c1e785363f0875a1b74e27b85fd66c7,AVAX,7.424516894221131
451,2022-06-19,0xa7d7079b0fead91f3e65f86e8915cb59c1a4c664,USDC.e,41.77089997893107
452,2022-06-19,0x50b7545627a5162f82a992c33b87adc75187b218,WBTC.e,22.136547163141074
453,2022-06-19,0x49d5c2bdffac6ce2bfdb6640f4f80f226bc10bab,WETH.e,12.380580182007355
454,2022-06-18,0xb97ef9ef8734c71904d8002f8b6bc66dd9c48a6e,USDC,10.07336438530158
455,2022-06-18,0xb31f66aa3c1e785363f0875a1b74e27b85fd66c7,AVAX,8.125691385941774
456,2022-06-18,0xa7d7079b0fead91f3e65f86e8915cb59c1a4c664,USDC.e,48.67132388416911
457,2022-06-18,0x50b7545627a5162f82a992c33b87adc75187b218,WBTC.e,21.50375059455175
458,2022-06-18,0x49d5c2bdffac6ce2bfdb6640f4f80f226bc10bab,WETH.e,11.62579670645181
459,2022-06-18,0x130966628846bfd36ff31a822705796e8cb8c18d,MIM,7.304358397448574e-05
460,2022-06-17,0xb97ef9ef8734c71904d8002f8b6bc66dd9c48a6e,USDC,11.161219609597373
461,2022-06-17,0xb31f66aa3c1e785363f0875a1b74e27b85fd66c7,AVAX,5.971160941441129
462,2022-06-17,0xa7d7079b0fead91f3e65f86e8915cb59c1a4c664,USDC.e,45.46396008585217
463,2022-06-17,0x50b7545627a5162f82a992c33b87adc75187b218,WBTC.e,20.606788768727878
464,2022-06-17,0x49d5c2bdffac6ce2bfdb6640f4f80f226bc10bab,WETH.e,16.796870594381446
465,2022-06-16,0xb97ef9ef8734c71904d8002f8b6bc66dd9c48a6e,USDC,9.765275971769285
466,2022-06-16,0xb31f66aa3c1e785363f0875a1b74e27b85fd66c7,AVAX,5.918983637547796
467,2022-06-16,0xa7d7079b0fead91f3e65f86e8915cb59c1a4c664,USDC.e,46.223506350520836
468,2022-06-16,0x50b7545627a5162f82a992c33b87adc75187b218,WBTC.e,21.15044354875338
469,2022-06-16,0x49d5c2bdffac6ce2bfdb6640f4f80f226bc10bab,WETH.e,16.941790491408707
470,2022-06-15,0xb97ef9ef8734c71904d8002f8b6bc66dd9c48a6e,USDC,9.207134163050476
471,2022-06-15,0xb31f66aa3c1e785363f0875a1b74e27b85fd66c7,AVAX,6.1320984234535505
472,2022-06-15,0xa7d7079b0fead91f3e65f86e8915cb59c1a4c664,USDC.e,43.20532997401812
473,2022-06-15,0x50b7545627a5162f82a992c33b87adc75187b218,WBTC.e,23.36729004609374
474,2022-06-15,0x49d5c2bdffac6ce2bfdb6640f4f80f226bc10bab,WETH.e,18.088147393384112
475,2022-06-14,0xb97ef9ef8734c71904d8002f8b6bc66dd9c48a6e,USDC,12.212915990306596
476,2022-06-14,0xb31f66aa3c1e785363f0875a1b74e27b85fd66c7,AVAX,5.619111322614275
477,2022-06-14,0xa7d7079b0fead91f3e65f86e8915cb59c1a4c664,USDC.e,44.08954555603102
478,2022-06-14,0x50b7545627a5162f82a992c33b87adc75187b218,WBTC.e,21.357673170130035
479,2022-06-14,0x49d5c2bdffac6ce2bfdb6640f4f80f226bc10bab,WETH.e,16.720753960918074
480,2022-06-13,0xb97ef9ef8734c71904d8002f8b6bc66dd9c48a6e,USDC,12.578286007588712
481,2022-06-13,0xb31f66aa3c1e785363f0875a1b74e27b85fd66c7,AVAX,3.077837193602137
482,2022-06-13,0xa7d7079b0fead91f3e65f86e8915cb59c1a4c664,USDC.e,46.47234188628718
483,2022-06-13,0x50b7545627a5162f82a992c33b87adc75187b218,WBTC.e,20.619515878720513
484,2022-06-13,0x49d5c2bdffac6ce2bfdb6640f4f80f226bc10bab,WETH.e,17.252019033801457
485,2022-06-12,0xb97ef9ef8734c71904d8002f8b6bc66dd9c48a6e,USDC,11.184792593878466
486,2022-06-12,0xb31f66aa3c1e785363f0875a1b74e27b85fd66c7,AVAX,1.985102516603311
487,2022-06-12,0xa7d7079b0fead91f3e65f86e8915cb59c1a4c664,USDC.e,41.5787659704973
488,2022-06-12,0x50b7545627a5162f82a992c33b87adc75187b218,WBTC.e,21.677306348739197
489,2022-06-12,0x49d5c2bdffac6ce2bfdb6640f4f80f226bc10bab,WETH.e,23.574032570281727
490,2022-06-11,0xb97ef9ef8734c71904d8002f8b6bc66dd9c48a6e,USDC,10.465688259930896
491,2022-06-11,0xb31f66aa3c1e785363f0875a1b74e27b85fd66c7,AVAX,11.844652038325364
492,2022-06-11,0xa7d7079b0fead91f3e65f86e8915cb59c1a4c664,USDC.e,40.32072283292917
493,2022-06-11,0x50b7545627a5162f82a992c33b87adc75187b218,WBTC.e,21.61242607355397
494,2022-06-11,0x49d5c2bdffac6ce2bfdb6640f4f80f226bc10bab,WETH.e,15.756510795260601
495,2022-06-10,0xb97ef9ef8734c71904d8002f8b6bc66dd9c48a6e,USDC,11.323351727741114
496,2022-06-10,0xb31f66aa3c1e785363f0875a1b74e27b85fd66c7,AVAX,14.091416648927629
497,2022-06-10,0xa7d7079b0fead91f3e65f86e8915cb59c1a4c664,USDC.e,38.91205855300865
498,2022-06-10,0x50b7545627a5162f82a992c33b87adc75187b218,WBTC.e,21.0171483155109
499,2022-06-10,0x49d5c2bdffac6ce2bfdb6640f4f80f226bc10bab,WETH.e,14.656024754811705
500,2022-06-09,0xb97ef9ef8734c71904d8002f8b6bc66dd9c48a6e,USDC,14.466598947681245
501,2022-06-09,0xb31f66aa3c1e785363f0875a1b74e27b85fd66c7,AVAX,12.50149265907027
502,2022-06-09,0xa7d7079b0fead91f3e65f86e8915cb59c1a4c664,USDC.e,38.51608899770848
503,2022-06-09,0x50b7545627a5162f82a992c33b87adc75187b218,WBTC.e,20.040711242738034
504,2022-06-09,0x49d5c2bdffac6ce2bfdb6640f4f80f226bc10bab,WETH.e,14.475108152801976
505,2022-06-08,0xb97ef9ef8734c71904d8002f8b6bc66dd9c48a6e,USDC,12.80469599131211
506,2022-06-08,0xb31f66aa3c1e785363f0875a1b74e27b85fd66c7,AVAX,12.407223022448587
507,2022-06-08,0xa7d7079b0fead91f3e65f86e8915cb59c1a4c664,USDC.e,39.954510850866036
508,2022-06-08,0x50b7545627a5162f82a992c33b87adc75187b218,WBTC.e,20.30053518524121
509,2022-06-08,0x49d5c2bdffac6ce2bfdb6640f4f80f226bc10bab,WETH.e,14.533034950132057
510,2022-06-07,0xb97ef9ef8734c71904d8002f8b6bc66dd9c48a6e,USDC,13.016658747602843
511,2022-06-07,0xb31f66aa3c1e785363f0875a1b74e27b85fd66c7,AVAX,7.337535097805955
512,2022-06-07,0xa7d7079b0fead91f3e65f86e8915cb59c1a4c664,USDC.e,44.58594670035119
513,2022-06-07,0x50b7545627a5162f82a992c33b87adc75187b218,WBTC.e,20.66723731748936
514,2022-06-07,0x49d5c2bdffac6ce2bfdb6640f4f80f226bc10bab,WETH.e,14.392622136750658
515,2022-06-06,0xb97ef9ef8734c71904d8002f8b6bc66dd9c48a6e,USDC,13.055826492537376
516,2022-06-06,0xb31f66aa3c1e785363f0875a1b74e27b85fd66c7,AVAX,7.180351899531152
517,2022-06-06,0xa7d7079b0fead91f3e65f86e8915cb59c1a4c664,USDC.e,42.964763424381694
518,2022-06-06,0x50b7545627a5162f82a992c33b87adc75187b218,WBTC.e,22.894970599735014
519,2022-06-06,0x49d5c2bdffac6ce2bfdb6640f4f80f226bc10bab,WETH.e,13.904087583814766
520,2022-06-05,0xb97ef9ef8734c71904d8002f8b6bc66dd9c48a6e,USDC,13.347954077465538
521,2022-06-05,0xb31f66aa3c1e785363f0875a1b74e27b85fd66c7,AVAX,5.748304372830953
522,2022-06-05,0xa7d7079b0fead91f3e65f86e8915cb59c1a4c664,USDC.e,44.186931072250246
523,2022-06-05,0x50b7545627a5162f82a992c33b87adc75187b218,WBTC.e,22.730634131332476
524,2022-06-05,0x49d5c2bdffac6ce2bfdb6640f4f80f226bc10bab,WETH.e,13.986176346120791
525,2022-06-04,0xb97ef9ef8734c71904d8002f8b6bc66dd9c48a6e,USDC,13.595187225543913
526,2022-06-04,0xb31f66aa3c1e785363f0875a1b74e27b85fd66c7,AVAX,5.2852640042173284
527,2022-06-04,0xa7d7079b0fead91f3e65f86e8915cb59c1a4c664,USDC.e,46.96819181999979
528,2022-06-04,0x50b7545627a5162f82a992c33b87adc75187b218,WBTC.e,21.125485954892465
529,2022-06-04,0x49d5c2bdffac6ce2bfdb6640f4f80f226bc10bab,WETH.e,13.025870995346503
530,2022-06-03,0xb97ef9ef8734c71904d8002f8b6bc66dd9c48a6e,USDC,15.203263987894944
531,2022-06-03,0xb31f66aa3c1e785363f0875a1b74e27b85fd66c7,AVAX,6.101964422814004
532,2022-06-03,0xa7d7079b0fead91f3e65f86e8915cb59c1a4c664,USDC.e,45.058059495095215
533,2022-06-03,0x50b7545627a5162f82a992c33b87adc75187b218,WBTC.e,20.941978143139107
534,2022-06-03,0x49d5c2bdffac6ce2bfdb6640f4f80f226bc10bab,WETH.e,12.694733951056733
535,2022-06-02,0xb97ef9ef8734c71904d8002f8b6bc66dd9c48a6e,USDC,14.475728723277026
536,2022-06-02,0xb31f66aa3c1e785363f0875a1b74e27b85fd66c7,AVAX,6.3363626743026655
537,2022-06-02,0xa7d7079b0fead91f3e65f86e8915cb59c1a4c664,USDC.e,45.11240542962256
538,2022-06-02,0x50b7545627a5162f82a992c33b87adc75187b218,WBTC.e,20.833593578364862
539,2022-06-02,0x49d5c2bdffac6ce2bfdb6640f4f80f226bc10bab,WETH.e,13.241909594432881
540,2022-06-01,0xb97ef9ef8734c71904d8002f8b6bc66dd9c48a6e,USDC,14.54448928799265
541,2022-06-01,0xb31f66aa3c1e785363f0875a1b74e27b85fd66c7,AVAX,6.136572094296199
542,2022-06-01,0xa7d7079b0fead91f3e65f86e8915cb59c1a4c664,USDC.e,45.70807406836247
543,2022-06-01,0x50b7545627a5162f82a992c33b87adc75187b218,WBTC.e,20.209072392215376
544,2022-06-01,0x49d5c2bdffac6ce2bfdb6640f4f80f226bc10bab,WETH.e,13.401792157133302
545,2022-05-31,0xb97ef9ef8734c71904d8002f8b6bc66dd9c48a6e,USDC,14.635172232222581
546,2022-05-31,0xb31f66aa3c1e785363f0875a1b74e27b85fd66c7,AVAX,3.7808949600735824
547,2022-05-31,0xa7d7079b0fead91f3e65f86e8915cb59c1a4c664,USDC.e,46.63776003081731
548,2022-05-31,0x50b7545627a5162f82a992c33b87adc75187b218,WBTC.e,21.46048181148505
549,2022-05-31,0x49d5c2bdffac6ce2bfdb6640f4f80f226bc10bab,WETH.e,13.48569096540147
550,2022-05-31,0x130966628846bfd36ff31a822705796e8cb8c18d,MIM,0.0
551,2022-05-30,0xb97ef9ef8734c71904d8002f8b6bc66dd9c48a6e,USDC,18.335975665325645
552,2022-05-30,0xb31f66aa3c1e785363f0875a1b74e27b85fd66c7,AVAX,14.372711491868255
553,2022-05-30,0xa7d7079b0fead91f3e65f86e8915cb59c1a4c664,USDC.e,31.3037281963103
554,2022-05-30,0x50b7545627a5162f82a992c33b87adc75187b218,WBTC.e,22.32135138764568
555,2022-05-30,0x49d5c2bdffac6ce2bfdb6640f4f80f226bc10bab,WETH.e,13.666233258850117
556,2022-05-29,0xb97ef9ef8734c71904d8002f8b6bc66dd9c48a6e,USDC,100.0
557,2022-05-28,0xb97ef9ef8734c71904d8002f8b6bc66dd9c48a6e,USDC,13.089977363431723
558,2022-05-28,0xb31f66aa3c1e785363f0875a1b74e27b85fd66c7,AVAX,14.460808096829284
559,2022-05-28,0xa7d7079b0fead91f3e65f86e8915cb59c1a4c664,USDC.e,36.7822080409505
560,2022-05-28,0x50b7545627a5162f82a992c33b87adc75187b218,WBTC.e,21.158336543974695
561,2022-05-28,0x49d5c2bdffac6ce2bfdb6640f4f80f226bc10bab,WETH.e,14.508669954813803
562,2022-05-27,0xb97ef9ef8734c71904d8002f8b6bc66dd9c48a6e,USDC,12.509376832871355
563,2022-05-27,0xb31f66aa3c1e785363f0875a1b74e27b85fd66c7,AVAX,12.862345429668647
564,2022-05-27,0xa7d7079b0fead91f3e65f86e8915cb59c1a4c664,USDC.e,38.609627424543106
565,2022-05-27,0x50b7545627a5162f82a992c33b87adc75187b218,WBTC.e,21.716024083769614
566,2022-05-27,0x49d5c2bdffac6ce2bfdb6640f4f80f226bc10bab,WETH.e,14.302626229147275
567,2022-05-26,0xb97ef9ef8734c71904d8002f8b6bc66dd9c48a6e,USDC,16.974642884352356
568,2022-05-26,0xb31f66aa3c1e785363f0875a1b74e27b85fd66c7,AVAX,14.608066364814546
569,2022-05-26,0xa7d7079b0fead91f3e65f86e8915cb59c1a4c664,USDC.e,32.163294715944765
570,2022-05-26,0x50b7545627a5162f82a992c33b87adc75187b218,WBTC.e,21.637887113631074
571,2022-05-26,0x49d5c2bdffac6ce2bfdb6640f4f80f226bc10bab,WETH.e,14.616108921257256
572,2022-05-25,0xb97ef9ef8734c71904d8002f8b6bc66dd9c48a6e,USDC,17.73016724576792
573,2022-05-25,0xb31f66aa3c1e785363f0875a1b74e27b85fd66c7,AVAX,16.056832555985196
574,2022-05-25,0xa7d7079b0fead91f3e65f86e8915cb59c1a4c664,USDC.e,29.794731940046518
575,2022-05-25,0x50b7545627a5162f82a992c33b87adc75187b218,WBTC.e,21.165258346286727
576,2022-05-25,0x49d5c2bdffac6ce2bfdb6640f4f80f226bc10bab,WETH.e,15.253009911913644
577,2022-05-24,0xb97ef9ef8734c71904d8002f8b6bc66dd9c48a6e,USDC,20.99099095776024
578,2022-05-24,0xb31f66aa3c1e785363f0875a1b74e27b85fd66c7,AVAX,11.734508249176827
579,2022-05-24,0xa7d7079b0fead91f3e65f86e8915cb59c1a4c664,USDC.e,32.72010187574375
580,2022-05-24,0x50b7545627a5162f82a992c33b87adc75187b218,WBTC.e,20.081170559658183
581,2022-05-24,0x49d5c2bdffac6ce2bfdb6640f4f80f226bc10bab,WETH.e,14.473228357661
582,2022-05-23,0xb97ef9ef8734c71904d8002f8b6bc66dd9c48a6e,USDC,20.876313013841166
583,2022-05-23,0xb31f66aa3c1e785363f0875a1b74e27b85fd66c7,AVAX,11.947007622881307
584,2022-05-23,0xa7d7079b0fead91f3e65f86e8915cb59c1a4c664,USDC.e,32.513690418936825
585,2022-05-23,0x50b7545627a5162f82a992c33b87adc75187b218,WBTC.e,20.019350552748502
586,2022-05-23,0x49d5c2bdffac6ce2bfdb6640f4f80f226bc10bab,WETH.e,14.643638391592201
587,2022-05-22,0xb97ef9ef8734c71904d8002f8b6bc66dd9c48a6e,USDC,17.84259046717099
588,2022-05-22,0xb31f66aa3c1e785363f0875a1b74e27b85fd66c7,AVAX,12.57924292807042
589,2022-05-22,0xa7d7079b0fead91f3e65f86e8915cb59c1a4c664,USDC.e,32.95172580170459
590,2022-05-22,0x50b7545627a5162f82a992c33b87adc75187b218,WBTC.e,21.1281632142782
591,2022-05-22,0x49d5c2bdffac6ce2bfdb6640f4f80f226bc10bab,WETH.e,15.498277588775803
592,2022-05-21,0xb97ef9ef8734c71904d8002f8b6bc66dd9c48a6e,USDC,18.144842275152207
593,2022-05-21,0xb31f66aa3c1e785363f0875a1b74e27b85fd66c7,AVAX,10.955393278505497
594,2022-05-21,0xa7d7079b0fead91f3e65f86e8915cb59c1a4c664,USDC.e,33.83487074212505
595,2022-05-21,0x50b7545627a5162f82a992c33b87adc75187b218,WBTC.e,21.15006549367463
596,2022-05-21,0x49d5c2bdffac6ce2bfdb6640f4f80f226bc10bab,WETH.e,15.914828210542618
597,2022-05-20,0xb97ef9ef8734c71904d8002f8b6bc66dd9c48a6e,USDC,17.874419935650618
598,2022-05-20,0xb31f66aa3c1e785363f0875a1b74e27b85fd66c7,AVAX,10.19290607385539
599,2022-05-20,0xa7d7079b0fead91f3e65f86e8915cb59c1a4c664,USDC.e,34.244694082770465
600,2022-05-20,0x50b7545627a5162f82a992c33b87adc75187b218,WBTC.e,21.357263901495216
601,2022-05-20,0x49d5c2bdffac6ce2bfdb6640f4f80f226bc10bab,WETH.e,16.33071600622831
602,2022-05-20,0x130966628846bfd36ff31a822705796e8cb8c18d,MIM,0.0
603,2022-05-19,0xb97ef9ef8734c71904d8002f8b6bc66dd9c48a6e,USDC,11.361988402459666
604,2022-05-19,0xb31f66aa3c1e785363f0875a1b74e27b85fd66c7,AVAX,11.954976250417857
605,2022-05-19,0xa7d7079b0fead91f3e65f86e8915cb59c1a4c664,USDC.e,36.631632894522205
606,2022-05-19,0x50b7545627a5162f82a992c33b87adc75187b218,WBTC.e,23.07274710581649
607,2022-05-19,0x49d5c2bdffac6ce2bfdb6640f4f80f226bc10bab,WETH.e,16.97865534678378
608,2022-05-18,0xb97ef9ef8734c71904d8002f8b6bc66dd9c48a6e,USDC,10.233054153438841
609,2022-05-18,0xb31f66aa3c1e785363f0875a1b74e27b85fd66c7,AVAX,12.573223642051772
610,2022-05-18,0xa7d7079b0fead91f3e65f86e8915cb59c1a4c664,USDC.e,38.97648311508167
611,2022-05-18,0x50b7545627a5162f82a992c33b87adc75187b218,WBTC.e,21.475639531890838
612,2022-05-18,0x49d5c2bdffac6ce2bfdb6640f4f80f226bc10bab,WETH.e,16.74159955753688
613,2022-05-17,0xb97ef9ef8734c71904d8002f8b6bc66dd9c48a6e,USDC,7.956140342325578
614,2022-05-17,0xb31f66aa3c1e785363f0875a1b74e27b85fd66c7,AVAX,14.297244157186901
615,2022-05-17,0xa7d7079b0fead91f3e65f86e8915cb59c1a4c664,USDC.e,39.89087841454639
616,2022-05-17,0x50b7545627a5162f82a992c33b87adc75187b218,WBTC.e,20.549180699640992
617,2022-05-17,0x49d5c2bdffac6ce2bfdb6640f4f80f226bc10bab,WETH.e,17.306556386300137
618,2022-05-16,0xb97ef9ef8734c71904d8002f8b6bc66dd9c48a6e,USDC,10.988543565212712
619,2022-05-16,0xb31f66aa3c1e785363f0875a1b74e27b85fd66c7,AVAX,10.728560053221896
620,2022-05-16,0xa7d7079b0fead91f3e65f86e8915cb59c1a4c664,USDC.e,39.30683675705291
621,2022-05-16,0x50b7545627a5162f82a992c33b87adc75187b218,WBTC.e,21.8017453208368
622,2022-05-16,0x49d5c2bdffac6ce2bfdb6640f4f80f226bc10bab,WETH.e,17.17431430367568
623,2022-05-15,0xb97ef9ef8734c71904d8002f8b6bc66dd9c48a6e,USDC,9.407063184573504
624,2022-05-15,0xb31f66aa3c1e785363f0875a1b74e27b85fd66c7,AVAX,8.823414970334222
625,2022-05-15,0xa7d7079b0fead91f3e65f86e8915cb59c1a4c664,USDC.e,39.67316561578645
626,2022-05-15,0x50b7545627a5162f82a992c33b87adc75187b218,WBTC.e,23.34432850052125
627,2022-05-15,0x49d5c2bdffac6ce2bfdb6640f4f80f226bc10bab,WETH.e,18.752027728784572
628,2022-05-14,0xb97ef9ef8734c71904d8002f8b6bc66dd9c48a6e,USDC,4.287633935247304
629,2022-05-14,0xb31f66aa3c1e785363f0875a1b74e27b85fd66c7,AVAX,7.161642425932013
630,2022-05-14,0xa7d7079b0fead91f3e65f86e8915cb59c1a4c664,USDC.e,43.28580882811671
631,2022-05-14,0x50b7545627a5162f82a992c33b87adc75187b218,WBTC.e,24.803865698883378
632,2022-05-14,0x49d5c2bdffac6ce2bfdb6640f4f80f226bc10bab,WETH.e,20.4610491118206
633,2022-05-13,0xb97ef9ef8734c71904d8002f8b6bc66dd9c48a6e,USDC,3.313405161255864
634,2022-05-13,0xb31f66aa3c1e785363f0875a1b74e27b85fd66c7,AVAX,6.393746024352131
635,2022-05-13,0xa7d7079b0fead91f3e65f86e8915cb59c1a4c664,USDC.e,44.48860719291061
636,2022-05-13,0x50b7545627a5162f82a992c33b87adc75187b218,WBTC.e,24.809279802633185
637,2022-05-13,0x49d5c2bdffac6ce2bfdb6640f4f80f226bc10bab,WETH.e,20.994961818848214
638,2022-05-12,0xb97ef9ef8734c71904d8002f8b6bc66dd9c48a6e,USDC,1.9213396177538147
639,2022-05-12,0xb31f66aa3c1e785363f0875a1b74e27b85fd66c7,AVAX,4.7951616117292595
640,2022-05-12,0xa7d7079b0fead91f3e65f86e8915cb59c1a4c664,USDC.e,43.3980584728299
641,2022-05-12,0x50b7545627a5162f82a992c33b87adc75187b218,WBTC.e,24.683108151275647
642,2022-05-12,0x49d5c2bdffac6ce2bfdb6640f4f80f226bc10bab,WETH.e,25.202332146411376
643,2022-05-11,0xb97ef9ef8734c71904d8002f8b6bc66dd9c48a6e,USDC,9.851985128383753
644,2022-05-11,0xb31f66aa3c1e785363f0875a1b74e27b85fd66c7,AVAX,5.7550155135909415
645,2022-05-11,0xa7d7079b0fead91f3e65f86e8915cb59c1a4c664,USDC.e,41.0214772277435
646,2022-05-11,0x50b7545627a5162f82a992c33b87adc75187b218,WBTC.e,20.310201906123122
647,2022-05-11,0x49d5c2bdffac6ce2bfdb6640f4f80f226bc10bab,WETH.e,23.061320224158678
648,2022-05-11,0x130966628846bfd36ff31a822705796e8cb8c18d,MIM,0.0
649,2022-05-10,0xb97ef9ef8734c71904d8002f8b6bc66dd9c48a6e,USDC,5.520418054115982
650,2022-05-10,0xb31f66aa3c1e785363f0875a1b74e27b85fd66c7,AVAX,16.23939307266248
651,2022-05-10,0xa7d7079b0fead91f3e65f86e8915cb59c1a4c664,USDC.e,50.536879006528665
652,2022-05-10,0x50b7545627a5162f82a992c33b87adc75187b218,WBTC.e,14.536804280266828
653,2022-05-10,0x49d5c2bdffac6ce2bfdb6640f4f80f226bc10bab,WETH.e,13.166448325124243
654,2022-05-10,0x130966628846bfd36ff31a822705796e8cb8c18d,MIM,5.7261301804415877e-05
655,2022-05-09,0xb97ef9ef8734c71904d8002f8b6bc66dd9c48a6e,USDC,12.125905830693895
656,2022-05-09,0xb31f66aa3c1e785363f0875a1b74e27b85fd66c7,AVAX,15.867041315131885
657,2022-05-09,0xa7d7079b0fead91f3e65f86e8915cb59c1a4c664,USDC.e,40.69626392154774
658,2022-05-09,0x50b7545627a5162f82a992c33b87adc75187b218,WBTC.e,15.318486482753455
659,2022-05-09,0x49d5c2bdffac6ce2bfdb6640f4f80f226bc10bab,WETH.e,15.992230661914954
660,2022-05-09,0x130966628846bfd36ff31a822705796e8cb8c18d,MIM,7.17879580700209e-05
661,2022-05-08,0xb97ef9ef8734c71904d8002f8b6bc66dd9c48a6e,USDC,9.85356779539812
662,2022-05-08,0xb31f66aa3c1e785363f0875a1b74e27b85fd66c7,AVAX,13.931926778709554
663,2022-05-08,0xa7d7079b0fead91f3e65f86e8915cb59c1a4c664,USDC.e,41.684388790624844
664,2022-05-08,0x50b7545627a5162f82a992c33b87adc75187b218,WBTC.e,15.20720710209798
665,2022-05-08,0x49d5c2bdffac6ce2bfdb6640f4f80f226bc10bab,WETH.e,19.3229095331695
666,2022-05-07,0xb97ef9ef8734c71904d8002f8b6bc66dd9c48a6e,USDC,7.364340075191536
667,2022-05-07,0xb31f66aa3c1e785363f0875a1b74e27b85fd66c7,AVAX,14.918222536122718
668,2022-05-07,0xa7d7079b0fead91f3e65f86e8915cb59c1a4c664,USDC.e,42.851251860587965
669,2022-05-07,0x50b7545627a5162f82a992c33b87adc75187b218,WBTC.e,14.377748137698932
670,2022-05-07,0x49d5c2bdffac6ce2bfdb6640f4f80f226bc10bab,WETH.e,20.48836127351864
671,2022-05-07,0x130966628846bfd36ff31a822705796e8cb8c18d,MIM,7.611688020959786e-05
672,2022-05-06,0xb97ef9ef8734c71904d8002f8b6bc66dd9c48a6e,USDC,8.327811699179312
673,2022-05-06,0xb31f66aa3c1e785363f0875a1b74e27b85fd66c7,AVAX,13.990973510192552
674,2022-05-06,0xa7d7079b0fead91f3e65f86e8915cb59c1a4c664,USDC.e,43.552839192377874
675,2022-05-06,0x50b7545627a5162f82a992c33b87adc75187b218,WBTC.e,14.15814329082417
676,2022-05-06,0x49d5c2bdffac6ce2bfdb6640f4f80f226bc10bab,WETH.e,19.97023230742609
677,2022-05-05,0xb97ef9ef8734c71904d8002f8b6bc66dd9c48a6e,USDC,9.034513758207579
678,2022-05-05,0xb31f66aa3c1e785363f0875a1b74e27b85fd66c7,AVAX,13.717717531400437
679,2022-05-05,0xa7d7079b0fead91f3e65f86e8915cb59c1a4c664,USDC.e,44.315969733343536
680,2022-05-05,0x50b7545627a5162f82a992c33b87adc75187b218,WBTC.e,14.318882445641341
681,2022-05-05,0x49d5c2bdffac6ce2bfdb6640f4f80f226bc10bab,WETH.e,18.61281251398369
682,2022-05-05,0x130966628846bfd36ff31a822705796e8cb8c18d,MIM,0.00010401742341582758
683,2022-05-04,0xb97ef9ef8734c71904d8002f8b6bc66dd9c48a6e,USDC,8.016766002668081
684,2022-05-04,0xb31f66aa3c1e785363f0875a1b74e27b85fd66c7,AVAX,16.669024799939663
685,2022-05-04,0xa7d7079b0fead91f3e65f86e8915cb59c1a4c664,USDC.e,42.5082984575127
686,2022-05-04,0x50b7545627a5162f82a992c33b87adc75187b218,WBTC.e,15.352572004282994
687,2022-05-04,0x49d5c2bdffac6ce2bfdb6640f4f80f226bc10bab,WETH.e,17.453338735596557
688,2022-05-04,0x130966628846bfd36ff31a822705796e8cb8c18d,MIM,0.0
689,2022-05-03,0xb97ef9ef8734c71904d8002f8b6bc66dd9c48a6e,USDC,8.928235451504344
690,2022-05-03,0xb31f66aa3c1e785363f0875a1b74e27b85fd66c7,AVAX,15.11297872613975
691,2022-05-03,0xa7d7079b0fead91f3e65f86e8915cb59c1a4c664,USDC.e,42.29062829875868
692,2022-05-03,0x50b7545627a5162f82a992c33b87adc75187b218,WBTC.e,15.288793668522738
693,2022-05-03,0x49d5c2bdffac6ce2bfdb6640f4f80f226bc10bab,WETH.e,18.379363855074484
694,2022-05-02,0xb97ef9ef8734c71904d8002f8b6bc66dd9c48a6e,USDC,9.143130410377962
695,2022-05-02,0xb31f66aa3c1e785363f0875a1b74e27b85fd66c7,AVAX,15.074471808343318
696,2022-05-02,0xa7d7079b0fead91f3e65f86e8915cb59c1a4c664,USDC.e,41.9377070879369
697,2022-05-02,0x50b7545627a5162f82a992c33b87adc75187b218,WBTC.e,15.120848789568582
698,2022-05-02,0x49d5c2bdffac6ce2bfdb6640f4f80f226bc10bab,WETH.e,18.723841903773238
699,2022-05-01,0xb97ef9ef8734c71904d8002f8b6bc66dd9c48a6e,USDC,9.337593969506422
700,2022-05-01,0xb31f66aa3c1e785363f0875a1b74e27b85fd66c7,AVAX,13.975002457442168
701,2022-05-01,0xa7d7079b0fead91f3e65f86e8915cb59c1a4c664,USDC.e,42.7072308113011
702,2022-05-01,0x50b7545627a5162f82a992c33b87adc75187b218,WBTC.e,15.394249632667492
703,2022-05-01,0x49d5c2bdffac6ce2bfdb6640f4f80f226bc10bab,WETH.e,18.585814936018426
704,2022-05-01,0x130966628846bfd36ff31a822705796e8cb8c18d,MIM,0.00010819306438907433
705,2022-04-30,0xb97ef9ef8734c71904d8002f8b6bc66dd9c48a6e,USDC,5.666809827030044
706,2022-04-30,0xb31f66aa3c1e785363f0875a1b74e27b85fd66c7,AVAX,13.275706264996582
707,2022-04-30,0xa7d7079b0fead91f3e65f86e8915cb59c1a4c664,USDC.e,47.06856265980052
708,2022-04-30,0x50b7545627a5162f82a992c33b87adc75187b218,WBTC.e,15.297608306458926
709,2022-04-30,0x49d5c2bdffac6ce2bfdb6640f4f80f226bc10bab,WETH.e,18.69117153985742
710,2022-04-30,0x130966628846bfd36ff31a822705796e8cb8c18d,MIM,0.000141401856505207
711,2022-04-29,0xb97ef9ef8734c71904d8002f8b6bc66dd9c48a6e,USDC,5.225456310385865
712,2022-04-29,0xb31f66aa3c1e785363f0875a1b74e27b85fd66c7,AVAX,12.428886992376693
713,2022-04-29,0xa7d7079b0fead91f3e65f86e8915cb59c1a4c664,USDC.e,48.435407493568185
714,2022-04-29,0x50b7545627a5162f82a992c33b87adc75187b218,WBTC.e,15.233981762210357
715,2022-04-29,0x49d5c2bdffac6ce2bfdb6640f4f80f226bc10bab,WETH.e,18.676112687757374
716,2022-04-29,0x130966628846bfd36ff31a822705796e8cb8c18d,MIM,0.00015475370152471211
717,2022-04-28,0xb97ef9ef8734c71904d8002f8b6bc66dd9c48a6e,USDC,6.153030527646782
718,2022-04-28,0xb31f66aa3c1e785363f0875a1b74e27b85fd66c7,AVAX,11.265086201545513
719,2022-04-28,0xa7d7079b0fead91f3e65f86e8915cb59c1a4c664,USDC.e,47.21797981676376
720,2022-04-28,0x50b7545627a5162f82a992c33b87adc75187b218,WBTC.e,15.670228063019142
721,2022-04-28,0x49d5c2bdffac6ce2bfdb6640f4f80f226bc10bab,WETH.e,19.693675391024808
722,2022-04-27,0xb97ef9ef8734c71904d8002f8b6bc66dd9c48a6e,USDC,5.595737227252518
723,2022-04-27,0xb31f66aa3c1e785363f0875a1b74e27b85fd66c7,AVAX,10.269275550479255
724,2022-04-27,0xa7d7079b0fead91f3e65f86e8915cb59c1a4c664,USDC.e,49.13631234694473
725,2022-04-27,0x50b7545627a5162f82a992c33b87adc75187b218,WBTC.e,15.363676240586358
726,2022-04-27,0x49d5c2bdffac6ce2bfdb6640f4f80f226bc10bab,WETH.e,19.634998634737144
727,2022-04-26,0xb97ef9ef8734c71904d8002f8b6bc66dd9c48a6e,USDC,4.203971518514
728,2022-04-26,0xb31f66aa3c1e785363f0875a1b74e27b85fd66c7,AVAX,10.09512529270914
729,2022-04-26,0xa7d7079b0fead91f3e65f86e8915cb59c1a4c664,USDC.e,50.15014839972993
730,2022-04-26,0x50b7545627a5162f82a992c33b87adc75187b218,WBTC.e,14.990779065178952
731,2022-04-26,0x49d5c2bdffac6ce2bfdb6640f4f80f226bc10bab,WETH.e,20.559803598377904
732,2022-04-26,0x130966628846bfd36ff31a822705796e8cb8c18d,MIM,0.0001721254900747346
733,2022-04-25,0xb97ef9ef8734c71904d8002f8b6bc66dd9c48a6e,USDC,2.7148297286419694
734,2022-04-25,0xb31f66aa3c1e785363f0875a1b74e27b85fd66c7,AVAX,9.660680025830798
735,2022-04-25,0xa7d7079b0fead91f3e65f86e8915cb59c1a4c664,USDC.e,50.15863605132529
736,2022-04-25,0x50b7545627a5162f82a992c33b87adc75187b218,WBTC.e,15.254435710407824
737,2022-04-25,0x49d5c2bdffac6ce2bfdb6640f4f80f226bc10bab,WETH.e,22.21141848379412
738,2022-04-24,0xb97ef9ef8734c71904d8002f8b6bc66dd9c48a6e,USDC,2.14452311076686
739,2022-04-24,0xb31f66aa3c1e785363f0875a1b74e27b85fd66c7,AVAX,10.364235459076784
740,2022-04-24,0xa7d7079b0fead91f3e65f86e8915cb59c1a4c664,USDC.e,51.57673173259465
741,2022-04-24,0x50b7545627a5162f82a992c33b87adc75187b218,WBTC.e,14.920860874493261
742,2022-04-24,0x49d5c2bdffac6ce2bfdb6640f4f80f226bc10bab,WETH.e,20.993648823068444
743,2022-04-23,0xb97ef9ef8734c71904d8002f8b6bc66dd9c48a6e,USDC,0.9589824783686278
744,2022-04-23,0xb31f66aa3c1e785363f0875a1b74e27b85fd66c7,AVAX,12.27856823504787
745,2022-04-23,0xa7d7079b0fead91f3e65f86e8915cb59c1a4c664,USDC.e,51.504575398796895
746,2022-04-23,0x50b7545627a5162f82a992c33b87adc75187b218,WBTC.e,14.832730972206283
747,2022-04-23,0x49d5c2bdffac6ce2bfdb6640f4f80f226bc10bab,WETH.e,20.42514291558032
748,2022-04-22,0xb97ef9ef8734c71904d8002f8b6bc66dd9c48a6e,USDC,2.9890310559465902
749,2022-04-22,0xb31f66aa3c1e785363f0875a1b74e27b85fd66c7,AVAX,10.221703657742706
750,2022-04-22,0xa7d7079b0fead91f3e65f86e8915cb59c1a4c664,USDC.e,51.28238212485219
751,2022-04-22,0x50b7545627a5162f82a992c33b87adc75187b218,WBTC.e,15.376801940624915
752,2022-04-22,0x49d5c2bdffac6ce2bfdb6640f4f80f226bc10bab,WETH.e,20.130081220833596
753,2022-04-21,0xb97ef9ef8734c71904d8002f8b6bc66dd9c48a6e,USDC,3.249222554339506
754,2022-04-21,0xb31f66aa3c1e785363f0875a1b74e27b85fd66c7,AVAX,10.443451351422024
755,2022-04-21,0xa7d7079b0fead91f3e65f86e8915cb59c1a4c664,USDC.e,50.76934570654791
756,2022-04-21,0x50b7545627a5162f82a992c33b87adc75187b218,WBTC.e,15.631892597238291
757,2022-04-21,0x49d5c2bdffac6ce2bfdb6640f4f80f226bc10bab,WETH.e,19.905875577215337
758,2022-04-21,0x130966628846bfd36ff31a822705796e8cb8c18d,MIM,0.000212213236929628
759,2022-04-20,0xb97ef9ef8734c71904d8002f8b6bc66dd9c48a6e,USDC,1.7814402741412918
760,2022-04-20,0xb31f66aa3c1e785363f0875a1b74e27b85fd66c7,AVAX,10.787508095974083
761,2022-04-20,0xa7d7079b0fead91f3e65f86e8915cb59c1a4c664,USDC.e,50.028016149537166
762,2022-04-20,0x50b7545627a5162f82a992c33b87adc75187b218,WBTC.e,15.900319631169266
763,2022-04-20,0x49d5c2bdffac6ce2bfdb6640f4f80f226bc10bab,WETH.e,21.502511218828257
764,2022-04-20,0x130966628846bfd36ff31a822705796e8cb8c18d,MIM,0.00020463034993780892
765,2022-04-19,0xb97ef9ef8734c71904d8002f8b6bc66dd9c48a6e,USDC,2.5323040705035877
766,2022-04-19,0xb31f66aa3c1e785363f0875a1b74e27b85fd66c7,AVAX,9.974451413069241
767,2022-04-19,0xa7d7079b0fead91f3e65f86e8915cb59c1a4c664,USDC.e,49.55503269048827
768,2022-04-19,0x50b7545627a5162f82a992c33b87adc75187b218,WBTC.e,15.406548570087029
769,2022-04-19,0x49d5c2bdffac6ce2bfdb6640f4f80f226bc10bab,WETH.e,22.531663255851875
770,2022-04-18,0xb97ef9ef8734c71904d8002f8b6bc66dd9c48a6e,USDC,6.169182936448755
771,2022-04-18,0xb31f66aa3c1e785363f0875a1b74e27b85fd66c7,AVAX,9.36756109764325
772,2022-04-18,0xa7d7079b0fead91f3e65f86e8915cb59c1a4c664,USDC.e,47.46154874188712
773,2022-04-18,0x50b7545627a5162f82a992c33b87adc75187b218,WBTC.e,15.368677927499945
774,2022-04-18,0x49d5c2bdffac6ce2bfdb6640f4f80f226bc10bab,WETH.e,21.632730403962988
775,2022-04-18,0x130966628846bfd36ff31a822705796e8cb8c18d,MIM,0.0002988925579417469
776,2022-04-17,0xb97ef9ef8734c71904d8002f8b6bc66dd9c48a6e,USDC,4.210907640697542
777,2022-04-17,0xb31f66aa3c1e785363f0875a1b74e27b85fd66c7,AVAX,9.561229574865157
778,2022-04-17,0xa7d7079b0fead91f3e65f86e8915cb59c1a4c664,USDC.e,49.784881005908176
779,2022-04-17,0x50b7545627a5162f82a992c33b87adc75187b218,WBTC.e,15.198251806493207
780,2022-04-17,0x49d5c2bdffac6ce2bfdb6640f4f80f226bc10bab,WETH.e,21.24472997203592
781,2022-04-16,0xb97ef9ef8734c71904d8002f8b6bc66dd9c48a6e,USDC,5.489799259869675
782,2022-04-16,0xb31f66aa3c1e785363f0875a1b74e27b85fd66c7,AVAX,10.270168857902549
783,2022-04-16,0xa7d7079b0fead91f3e65f86e8915cb59c1a4c664,USDC.e,47.678298190690526
784,2022-04-16,0x50b7545627a5162f82a992c33b87adc75187b218,WBTC.e,15.564912733191347
785,2022-04-16,0x49d5c2bdffac6ce2bfdb6640f4f80f226bc10bab,WETH.e,20.996820958345904
786,2022-04-16,0x130966628846bfd36ff31a822705796e8cb8c18d,MIM,0.0
787,2022-04-15,0xb97ef9ef8734c71904d8002f8b6bc66dd9c48a6e,USDC,6.6498430418157
788,2022-04-15,0xb31f66aa3c1e785363f0875a1b74e27b85fd66c7,AVAX,11.81327477204657
789,2022-04-15,0xa7d7079b0fead91f3e65f86e8915cb59c1a4c664,USDC.e,47.4295981224632
790,2022-04-15,0x50b7545627a5162f82a992c33b87adc75187b218,WBTC.e,15.444877345849024
791,2022-04-15,0x49d5c2bdffac6ce2bfdb6640f4f80f226bc10bab,WETH.e,18.662406717825508
792,2022-04-14,0xb97ef9ef8734c71904d8002f8b6bc66dd9c48a6e,USDC,11.235093502432509
793,2022-04-14,0xb31f66aa3c1e785363f0875a1b74e27b85fd66c7,AVAX,12.617136652869842
794,2022-04-14,0xa7d7079b0fead91f3e65f86e8915cb59c1a4c664,USDC.e,40.743646183853386
795,2022-04-14,0x50b7545627a5162f82a992c33b87adc75187b218,WBTC.e,14.339169771958872
796,2022-04-14,0x49d5c2bdffac6ce2bfdb6640f4f80f226bc10bab,WETH.e,21.064953888885395
797,2022-04-13,0xb97ef9ef8734c71904d8002f8b6bc66dd9c48a6e,USDC,8.799631027762773
798,2022-04-13,0xb31f66aa3c1e785363f0875a1b74e27b85fd66c7,AVAX,15.48836510231259
799,2022-04-13,0xa7d7079b0fead91f3e65f86e8915cb59c1a4c664,USDC.e,40.636559894418966
800,2022-04-13,0x50b7545627a5162f82a992c33b87adc75187b218,WBTC.e,14.562324710219372
801,2022-04-13,0x49d5c2bdffac6ce2bfdb6640f4f80f226bc10bab,WETH.e,20.513119265286303
802,2022-04-12,0xb97ef9ef8734c71904d8002f8b6bc66dd9c48a6e,USDC,7.641872667902681
803,2022-04-12,0xb31f66aa3c1e785363f0875a1b74e27b85fd66c7,AVAX,16.342641154867678
804,2022-04-12,0xa7d7079b0fead91f3e65f86e8915cb59c1a4c664,USDC.e,42.6327977929908
805,2022-04-12,0x50b7545627a5162f82a992c33b87adc75187b218,WBTC.e,14.573610133919214
806,2022-04-12,0x49d5c2bdffac6ce2bfdb6640f4f80f226bc10bab,WETH.e,18.809078250319626
807,2022-04-11,0xb97ef9ef8734c71904d8002f8b6bc66dd9c48a6e,USDC,6.961857480698037
808,2022-04-11,0xb31f66aa3c1e785363f0875a1b74e27b85fd66c7,AVAX,15.530524624877664
809,2022-04-11,0xa7d7079b0fead91f3e65f86e8915cb59c1a4c664,USDC.e,44.489739237874396
810,2022-04-11,0x50b7545627a5162f82a992c33b87adc75187b218,WBTC.e,14.157294642293564
811,2022-04-11,0x49d5c2bdffac6ce2bfdb6640f4f80f226bc10bab,WETH.e,18.860295796180857
812,2022-04-11,0x130966628846bfd36ff31a822705796e8cb8c18d,MIM,0.0002882180754759978
813,2022-04-10,0xb97ef9ef8734c71904d8002f8b6bc66dd9c48a6e,USDC,5.089065761851254
814,2022-04-10,0xb31f66aa3c1e785363f0875a1b74e27b85fd66c7,AVAX,15.059493393432554
815,2022-04-10,0xa7d7079b0fead91f3e65f86e8915cb59c1a4c664,USDC.e,46.83382855446638
816,2022-04-10,0x50b7545627a5162f82a992c33b87adc75187b218,WBTC.e,15.198675070459652
817,2022-04-10,0x49d5c2bdffac6ce2bfdb6640f4f80f226bc10bab,WETH.e,17.818937219790158
818,2022-04-09,0xb97ef9ef8734c71904d8002f8b6bc66dd9c48a6e,USDC,4.432542954501521
819,2022-04-09,0xb31f66aa3c1e785363f0875a1b74e27b85fd66c7,AVAX,14.480077495461346
820,2022-04-09,0xa7d7079b0fead91f3e65f86e8915cb59c1a4c664,USDC.e,47.646168359025594
821,2022-04-09,0x50b7545627a5162f82a992c33b87adc75187b218,WBTC.e,15.01752611021483
822,2022-04-09,0x49d5c2bdffac6ce2bfdb6640f4f80f226bc10bab,WETH.e,18.42368508079671
823,2022-04-08,0xb97ef9ef8734c71904d8002f8b6bc66dd9c48a6e,USDC,4.142687023283839
824,2022-04-08,0xb31f66aa3c1e785363f0875a1b74e27b85fd66c7,AVAX,13.013346374197523
825,2022-04-08,0xa7d7079b0fead91f3e65f86e8915cb59c1a4c664,USDC.e,49.496606119135635
826,2022-04-08,0x50b7545627a5162f82a992c33b87adc75187b218,WBTC.e,15.253404861246299
827,2022-04-08,0x49d5c2bdffac6ce2bfdb6640f4f80f226bc10bab,WETH.e,18.093392028854357
828,2022-04-08,0x130966628846bfd36ff31a822705796e8cb8c18d,MIM,0.0005635932823503269
829,2022-04-07,0xb97ef9ef8734c71904d8002f8b6bc66dd9c48a6e,USDC,4.907853318246016
830,2022-04-07,0xb31f66aa3c1e785363f0875a1b74e27b85fd66c7,AVAX,11.455228582409438
831,2022-04-07,0xa7d7079b0fead91f3e65f86e8915cb59c1a4c664,USDC.e,51.042802271215926
832,2022-04-07,0x50b7545627a5162f82a992c33b87adc75187b218,WBTC.e,15.855387153890808
833,2022-04-07,0x49d5c2bdffac6ce2bfdb6640f4f80f226bc10bab,WETH.e,16.738160506855454
834,2022-04-07,0x130966628846bfd36ff31a822705796e8cb8c18d,MIM,0.000568167382361302
835,2022-04-06,0xb97ef9ef8734c71904d8002f8b6bc66dd9c48a6e,USDC,4.101687924151762
836,2022-04-06,0xb31f66aa3c1e785363f0875a1b74e27b85fd66c7,AVAX,12.405586951735039
837,2022-04-06,0xa7d7079b0fead91f3e65f86e8915cb59c1a4c664,USDC.e,49.86400182596946
838,2022-04-06,0x50b7545627a5162f82a992c33b87adc75187b218,WBTC.e,16.92380245620419
839,2022-04-06,0x49d5c2bdffac6ce2bfdb6640f4f80f226bc10bab,WETH.e,16.704332170759248
840,2022-04-06,0x130966628846bfd36ff31a822705796e8cb8c18d,MIM,0.000588671180299345
841,2022-04-05,0xb97ef9ef8734c71904d8002f8b6bc66dd9c48a6e,USDC,3.4554988077445365
842,2022-04-05,0xb31f66aa3c1e785363f0875a1b74e27b85fd66c7,AVAX,15.073646115839203
843,2022-04-05,0xa7d7079b0fead91f3e65f86e8915cb59c1a4c664,USDC.e,49.131927741178046
844,2022-04-05,0x50b7545627a5162f82a992c33b87adc75187b218,WBTC.e,17.62379566102292
845,2022-04-05,0x49d5c2bdffac6ce2bfdb6640f4f80f226bc10bab,WETH.e,14.714497874921216
846,2022-04-05,0x130966628846bfd36ff31a822705796e8cb8c18d,MIM,0.0006337992940766844
847,2022-04-04,0xb97ef9ef8734c71904d8002f8b6bc66dd9c48a6e,USDC,3.4004723235905927
848,2022-04-04,0xb31f66aa3c1e785363f0875a1b74e27b85fd66c7,AVAX,15.951436478018856
849,2022-04-04,0xa7d7079b0fead91f3e65f86e8915cb59c1a4c664,USDC.e,50.64121021588533
850,2022-04-04,0x50b7545627a5162f82a992c33b87adc75187b218,WBTC.e,15.833180331091446
851,2022-04-04,0x49d5c2bdffac6ce2bfdb6640f4f80f226bc10bab,WETH.e,14.17303835515971
852,2022-04-04,0x130966628846bfd36ff31a822705796e8cb8c18d,MIM,0.0006622962540676326
853,2022-04-03,0xb97ef9ef8734c71904d8002f8b6bc66dd9c48a6e,USDC,4.045455888110531
854,2022-04-03,0xb31f66aa3c1e785363f0875a1b74e27b85fd66c7,AVAX,17.480784974669564
855,2022-04-03,0xa7d7079b0fead91f3e65f86e8915cb59c1a4c664,USDC.e,48.38853840886379
856,2022-04-03,0x50b7545627a5162f82a992c33b87adc75187b218,WBTC.e,15.67164763748111
857,2022-04-03,0x49d5c2bdffac6ce2bfdb6640f4f80f226bc10bab,WETH.e,14.413573090875005
858,2022-04-02,0xb97ef9ef8734c71904d8002f8b6bc66dd9c48a6e,USDC,3.742629461902057
859,2022-04-02,0xb31f66aa3c1e785363f0875a1b74e27b85fd66c7,AVAX,18.03746794220416
860,2022-04-02,0xa7d7079b0fead91f3e65f86e8915cb59c1a4c664,USDC.e,47.963105508954285
861,2022-04-02,0x50b7545627a5162f82a992c33b87adc75187b218,WBTC.e,15.640062667660418
862,2022-04-02,0x49d5c2bdffac6ce2bfdb6640f4f80f226bc10bab,WETH.e,14.616007645048526
863,2022-04-02,0x130966628846bfd36ff31a822705796e8cb8c18d,MIM,0.0007267742305561957
864,2022-04-01,0xb97ef9ef8734c71904d8002f8b6bc66dd9c48a6e,USDC,5.123732903155158
865,2022-04-01,0xb31f66aa3c1e785363f0875a1b74e27b85fd66c7,AVAX,16.516703407150228
866,2022-04-01,0xa7d7079b0fead91f3e65f86e8915cb59c1a4c664,USDC.e,47.68441490529264
867,2022-04-01,0x50b7545627a5162f82a992c33b87adc75187b218,WBTC.e,15.879018614497962
868,2022-04-01,0x49d5c2bdffac6ce2bfdb6640f4f80f226bc10bab,WETH.e,14.795211999038946
869,2022-04-01,0x130966628846bfd36ff31a822705796e8cb8c18d,MIM,0.0009181708650612997
870,2022-03-31,0xb97ef9ef8734c71904d8002f8b6bc66dd9c48a6e,USDC,5.532669369026225
871,2022-03-31,0xb31f66aa3c1e785363f0875a1b74e27b85fd66c7,AVAX,15.395133870269653
872,2022-03-31,0xa7d7079b0fead91f3e65f86e8915cb59c1a4c664,USDC.e,52.653529866929354
873,2022-03-31,0x50b7545627a5162f82a992c33b87adc75187b218,WBTC.e,14.220752819137143
874,2022-03-31,0x49d5c2bdffac6ce2bfdb6640f4f80f226bc10bab,WETH.e,12.197914074637623
875,2022-03-30,0xb97ef9ef8734c71904d8002f8b6bc66dd9c48a6e,USDC,6.984687252989682
876,2022-03-30,0xb31f66aa3c1e785363f0875a1b74e27b85fd66c7,AVAX,15.29283997282298
877,2022-03-30,0xa7d7079b0fead91f3e65f86e8915cb59c1a4c664,USDC.e,50.20823166025933
878,2022-03-30,0x50b7545627a5162f82a992c33b87adc75187b218,WBTC.e,14.580010757599823
879,2022-03-30,0x49d5c2bdffac6ce2bfdb6640f4f80f226bc10bab,WETH.e,12.933223701648556
880,2022-03-30,0x130966628846bfd36ff31a822705796e8cb8c18d,MIM,0.0010066546796297319
881,2022-03-29,0xb97ef9ef8734c71904d8002f8b6bc66dd9c48a6e,USDC,3.5467289568422427
882,2022-03-29,0xb31f66aa3c1e785363f0875a1b74e27b85fd66c7,AVAX,15.106830942808164
883,2022-03-29,0xa7d7079b0fead91f3e65f86e8915cb59c1a4c664,USDC.e,53.684213467693766
884,2022-03-29,0x50b7545627a5162f82a992c33b87adc75187b218,WBTC.e,14.467404306717414
885,2022-03-29,0x49d5c2bdffac6ce2bfdb6640f4f80f226bc10bab,WETH.e,13.194822325938414
886,2022-03-29,0x130966628846bfd36ff31a822705796e8cb8c18d,MIM,0.0
887,2022-03-28,0xb97ef9ef8734c71904d8002f8b6bc66dd9c48a6e,USDC,3.0290138863074696
888,2022-03-28,0xb31f66aa3c1e785363f0875a1b74e27b85fd66c7,AVAX,13.79817179515542
889,2022-03-28,0xa7d7079b0fead91f3e65f86e8915cb59c1a4c664,USDC.e,55.64963102624759
890,2022-03-28,0x50b7545627a5162f82a992c33b87adc75187b218,WBTC.e,14.271791133820479
891,2022-03-28,0x49d5c2bdffac6ce2bfdb6640f4f80f226bc10bab,WETH.e,13.250333006552093
892,2022-03-28,0x130966628846bfd36ff31a822705796e8cb8c18d,MIM,0.0010591519169508982
893,2022-03-27,0xb97ef9ef8734c71904d8002f8b6bc66dd9c48a6e,USDC,2.7858320680606936
894,2022-03-27,0xb31f66aa3c1e785363f0875a1b74e27b85fd66c7,AVAX,13.42877280524087
895,2022-03-27,0xa7d7079b0fead91f3e65f86e8915cb59c1a4c664,USDC.e,57.00484790006952
896,2022-03-27,0x50b7545627a5162f82a992c33b87adc75187b218,WBTC.e,14.030790241136563
897,2022-03-27,0x49d5c2bdffac6ce2bfdb6640f4f80f226bc10bab,WETH.e,12.748764619110013
898,2022-03-27,0x130966628846bfd36ff31a822705796e8cb8c18d,MIM,0.0009923663823410917
899,2022-03-26,0xb97ef9ef8734c71904d8002f8b6bc66dd9c48a6e,USDC,2.6642041575526036
900,2022-03-26,0xb31f66aa3c1e785363f0875a1b74e27b85fd66c7,AVAX,12.785185212439805
901,2022-03-26,0xa7d7079b0fead91f3e65f86e8915cb59c1a4c664,USDC.e,58.62900657262107
902,2022-03-26,0x50b7545627a5162f82a992c33b87adc75187b218,WBTC.e,13.770968212195296
903,2022-03-26,0x49d5c2bdffac6ce2bfdb6640f4f80f226bc10bab,WETH.e,12.149617496654335
904,2022-03-26,0x130966628846bfd36ff31a822705796e8cb8c18d,MIM,0.00101834853688737
905,2022-03-25,0xb97ef9ef8734c71904d8002f8b6bc66dd9c48a6e,USDC,1.9705404493680827
906,2022-03-25,0xb31f66aa3c1e785363f0875a1b74e27b85fd66c7,AVAX,13.117940616078807
907,2022-03-25,0xa7d7079b0fead91f3e65f86e8915cb59c1a4c664,USDC.e,58.28962375282473
908,2022-03-25,0x50b7545627a5162f82a992c33b87adc75187b218,WBTC.e,14.384095433589637
909,2022-03-25,0x49d5c2bdffac6ce2bfdb6640f4f80f226bc10bab,WETH.e,12.236756336471727
910,2022-03-25,0x130966628846bfd36ff31a822705796e8cb8c18d,MIM,0.0010434116670126057
911,2022-03-24,0xb97ef9ef8734c71904d8002f8b6bc66dd9c48a6e,USDC,1.804260110927834
912,2022-03-24,0xb31f66aa3c1e785363f0875a1b74e27b85fd66c7,AVAX,13.136072456081735
913,2022-03-24,0xa7d7079b0fead91f3e65f86e8915cb59c1a4c664,USDC.e,58.61190603068103
914,2022-03-24,0x50b7545627a5162f82a992c33b87adc75187b218,WBTC.e,14.253713949886206
915,2022-03-24,0x49d5c2bdffac6ce2bfdb6640f4f80f226bc10bab,WETH.e,12.192990638171795
916,2022-03-24,0x130966628846bfd36ff31a822705796e8cb8c18d,MIM,0.001056814251402161
917,2022-03-23,0xb97ef9ef8734c71904d8002f8b6bc66dd9c48a6e,USDC,1.8992898766525852
918,2022-03-23,0xb31f66aa3c1e785363f0875a1b74e27b85fd66c7,AVAX,12.84688695438928
919,2022-03-23,0xa7d7079b0fead91f3e65f86e8915cb59c1a4c664,USDC.e,59.04049561135462
920,2022-03-23,0x50b7545627a5162f82a992c33b87adc75187b218,WBTC.e,13.320007618120668
921,2022-03-23,0x49d5c2bdffac6ce2bfdb6640f4f80f226bc10bab,WETH.e,12.892213028071572
922,2022-03-23,0x130966628846bfd36ff31a822705796e8cb8c18d,MIM,0.0011069114112689782
923,2022-03-22,0xb97ef9ef8734c71904d8002f8b6bc66dd9c48a6e,USDC,1.537099492551126
924,2022-03-22,0xb31f66aa3c1e785363f0875a1b74e27b85fd66c7,AVAX,12.73263486158495
925,2022-03-22,0xa7d7079b0fead91f3e65f86e8915cb59c1a4c664,USDC.e,58.52060939970659
926,2022-03-22,0x50b7545627a5162f82a992c33b87adc75187b218,WBTC.e,13.404194057543545
927,2022-03-22,0x49d5c2bdffac6ce2bfdb6640f4f80f226bc10bab,WETH.e,13.804313063497382
928,2022-03-22,0x130966628846bfd36ff31a822705796e8cb8c18d,MIM,0.001149125116399016
929,2022-03-21,0xb97ef9ef8734c71904d8002f8b6bc66dd9c48a6e,USDC,2.785935665497094
930,2022-03-21,0xb31f66aa3c1e785363f0875a1b74e27b85fd66c7,AVAX,14.955648454072742
931,2022-03-21,0xa7d7079b0fead91f3e65f86e8915cb59c1a4c664,USDC.e,55.363668990564925
932,2022-03-21,0x50b7545627a5162f82a992c33b87adc75187b218,WBTC.e,12.79208853256214
933,2022-03-21,0x49d5c2bdffac6ce2bfdb6640f4f80f226bc10bab,WETH.e,14.101485721968642
934,2022-03-21,0x130966628846bfd36ff31a822705796e8cb8c18d,MIM,0.0011726353344562496
935,2022-03-20,0xb97ef9ef8734c71904d8002f8b6bc66dd9c48a6e,USDC,1.109940447882677
936,2022-03-20,0xb31f66aa3c1e785363f0875a1b74e27b85fd66c7,AVAX,16.21578768884905
937,2022-03-20,0xa7d7079b0fead91f3e65f86e8915cb59c1a4c664,USDC.e,55.65996955051883
938,2022-03-20,0x50b7545627a5162f82a992c33b87adc75187b218,WBTC.e,13.078672157853742
939,2022-03-20,0x49d5c2bdffac6ce2bfdb6640f4f80f226bc10bab,WETH.e,13.935630154895701
940,2022-03-19,0xb97ef9ef8734c71904d8002f8b6bc66dd9c48a6e,USDC,3.898207697001293
941,2022-03-19,0xb31f66aa3c1e785363f0875a1b74e27b85fd66c7,AVAX,17.11826551944752
942,2022-03-19,0xa7d7079b0fead91f3e65f86e8915cb59c1a4c664,USDC.e,51.64944433364121
943,2022-03-19,0x50b7545627a5162f82a992c33b87adc75187b218,WBTC.e,13.13802704249215
944,2022-03-19,0x49d5c2bdffac6ce2bfdb6640f4f80f226bc10bab,WETH.e,14.1947916466358
945,2022-03-19,0x130966628846bfd36ff31a822705796e8cb8c18d,MIM,0.0012637607820283959
946,2022-03-18,0xb97ef9ef8734c71904d8002f8b6bc66dd9c48a6e,USDC,4.9939782773794
947,2022-03-18,0xb31f66aa3c1e785363f0875a1b74e27b85fd66c7,AVAX,13.83172941403923
948,2022-03-18,0xa7d7079b0fead91f3e65f86e8915cb59c1a4c664,USDC.e,52.79452046608815
949,2022-03-18,0x50b7545627a5162f82a992c33b87adc75187b218,WBTC.e,13.268918706303744
950,2022-03-18,0x49d5c2bdffac6ce2bfdb6640f4f80f226bc10bab,WETH.e,15.109576991171403
951,2022-03-18,0x130966628846bfd36ff31a822705796e8cb8c18d,MIM,0.0012761450180699312
952,2022-03-17,0xb97ef9ef8734c71904d8002f8b6bc66dd9c48a6e,USDC,3.6091403140855163
953,2022-03-17,0xb31f66aa3c1e785363f0875a1b74e27b85fd66c7,AVAX,12.542685603452298
954,2022-03-17,0xa7d7079b0fead91f3e65f86e8915cb59c1a4c664,USDC.e,54.098734193185464
955,2022-03-17,0x50b7545627a5162f82a992c33b87adc75187b218,WBTC.e,13.608429001594885
956,2022-03-17,0x49d5c2bdffac6ce2bfdb6640f4f80f226bc10bab,WETH.e,16.139716745574678
957,2022-03-17,0x130966628846bfd36ff31a822705796e8cb8c18d,MIM,0.0012941421071624994
958,2022-03-16,0xb97ef9ef8734c71904d8002f8b6bc66dd9c48a6e,USDC,3.6649990843300837
959,2022-03-16,0xb31f66aa3c1e785363f0875a1b74e27b85fd66c7,AVAX,9.859029234792914
960,2022-03-16,0xa7d7079b0fead91f3e65f86e8915cb59c1a4c664,USDC.e,57.065895981639684
961,2022-03-16,0x50b7545627a5162f82a992c33b87adc75187b218,WBTC.e,13.495390806387173
962,2022-03-16,0x49d5c2bdffac6ce2bfdb6640f4f80f226bc10bab,WETH.e,15.914684892850142
963,2022-03-16,0x130966628846bfd36ff31a822705796e8cb8c18d,MIM,0.0
964,2022-03-15,0xb97ef9ef8734c71904d8002f8b6bc66dd9c48a6e,USDC,3.8549775392737273
965,2022-03-15,0xb31f66aa3c1e785363f0875a1b74e27b85fd66c7,AVAX,10.800667432602776
966,2022-03-15,0xa7d7079b0fead91f3e65f86e8915cb59c1a4c664,USDC.e,57.03301329795354
967,2022-03-15,0x50b7545627a5162f82a992c33b87adc75187b218,WBTC.e,13.904925658843553
968,2022-03-15,0x49d5c2bdffac6ce2bfdb6640f4f80f226bc10bab,WETH.e,14.40509394763347
969,2022-03-15,0x130966628846bfd36ff31a822705796e8cb8c18d,MIM,0.0013221236929352874
970,2022-03-14,0xb97ef9ef8734c71904d8002f8b6bc66dd9c48a6e,USDC,3.804924652757204
971,2022-03-14,0xb31f66aa3c1e785363f0875a1b74e27b85fd66c7,AVAX,10.858620211226768
972,2022-03-14,0xa7d7079b0fead91f3e65f86e8915cb59c1a4c664,USDC.e,57.44437680081411
973,2022-03-14,0x50b7545627a5162f82a992c33b87adc75187b218,WBTC.e,14.935539510215163
974,2022-03-14,0x49d5c2bdffac6ce2bfdb6640f4f80f226bc10bab,WETH.e,12.956538824986751
975,2022-03-13,0xb97ef9ef8734c71904d8002f8b6bc66dd9c48a6e,USDC,3.76840074212874
976,2022-03-13,0xb31f66aa3c1e785363f0875a1b74e27b85fd66c7,AVAX,12.784211446662576
977,2022-03-13,0xa7d7079b0fead91f3e65f86e8915cb59c1a4c664,USDC.e,57.439521969017655
978,2022-03-13,0x50b7545627a5162f82a992c33b87adc75187b218,WBTC.e,14.49981051816999
979,2022-03-13,0x49d5c2bdffac6ce2bfdb6640f4f80f226bc10bab,WETH.e,11.506633717852942
980,2022-03-13,0x130966628846bfd36ff31a822705796e8cb8c18d,MIM,0.0014216061680939547
981,2022-03-12,0xb97ef9ef8734c71904d8002f8b6bc66dd9c48a6e,USDC,3.5315236640133882
982,2022-03-12,0xb31f66aa3c1e785363f0875a1b74e27b85fd66c7,AVAX,12.7283088647531
983,2022-03-12,0xa7d7079b0fead91f3e65f86e8915cb59c1a4c664,USDC.e,55.72217689412461
984,2022-03-12,0x50b7545627a5162f82a992c33b87adc75187b218,WBTC.e,14.694588921313992
985,2022-03-12,0x49d5c2bdffac6ce2bfdb6640f4f80f226bc10bab,WETH.e,13.32169020319337
986,2022-03-12,0x130966628846bfd36ff31a822705796e8cb8c18d,MIM,0.0017114526015415846
987,2022-03-11,0xb97ef9ef8734c71904d8002f8b6bc66dd9c48a6e,USDC,3.353473652589382
988,2022-03-11,0xb31f66aa3c1e785363f0875a1b74e27b85fd66c7,AVAX,15.088783986808517
989,2022-03-11,0xa7d7079b0fead91f3e65f86e8915cb59c1a4c664,USDC.e,54.475555077890554
990,2022-03-11,0x50b7545627a5162f82a992c33b87adc75187b218,WBTC.e,14.227786605385218
991,2022-03-11,0x49d5c2bdffac6ce2bfdb6640f4f80f226bc10bab,WETH.e,12.85272973159131
992,2022-03-11,0x130966628846bfd36ff31a822705796e8cb8c18d,MIM,0.0016709457350189492
993,2022-03-10,0xb97ef9ef8734c71904d8002f8b6bc66dd9c48a6e,USDC,3.3695633146224484
994,2022-03-10,0xb31f66aa3c1e785363f0875a1b74e27b85fd66c7,AVAX,15.234057705270027
995,2022-03-10,0xa7d7079b0fead91f3e65f86e8915cb59c1a4c664,USDC.e,53.37339855166894
996,2022-03-10,0x50b7545627a5162f82a992c33b87adc75187b218,WBTC.e,14.246765804586092
997,2022-03-10,0x49d5c2bdffac6ce2bfdb6640f4f80f226bc10bab,WETH.e,13.774573001073605
998,2022-03-10,0x130966628846bfd36ff31a822705796e8cb8c18d,MIM,0.0016416227788883572
999,2022-03-09,0xb97ef9ef8734c71904d8002f8b6bc66dd9c48a6e,USDC,3.352324957131169
1000,2022-03-09,0xb31f66aa3c1e785363f0875a1b74e27b85fd66c7,AVAX,15.483633534320113
1001,2022-03-09,0xa7d7079b0fead91f3e65f86e8915cb59c1a4c664,USDC.e,51.86027732282316
1002,2022-03-09,0x50b7545627a5162f82a992c33b87adc75187b218,WBTC.e,14.828478740201456
1003,2022-03-09,0x49d5c2bdffac6ce2bfdb6640f4f80f226bc10bab,WETH.e,14.473640402196445
1004,2022-03-09,0x130966628846bfd36ff31a822705796e8cb8c18d,MIM,0.001645043327660464
1005,2022-03-07,0xb97ef9ef8734c71904d8002f8b6bc66dd9c48a6e,USDC,3.5162921843328676
1006,2022-03-07,0xb31f66aa3c1e785363f0875a1b74e27b85fd66c7,AVAX,11.018870288256359
1007,2022-03-07,0xa7d7079b0fead91f3e65f86e8915cb59c1a4c664,USDC.e,56.43038353372344
1008,2022-03-07,0x50b7545627a5162f82a992c33b87adc75187b218,WBTC.e,14.940150799810453
1009,2022-03-07,0x49d5c2bdffac6ce2bfdb6640f4f80f226bc10bab,WETH.e,14.091876765267399
1010,2022-03-07,0x130966628846bfd36ff31a822705796e8cb8c18d,MIM,0.002426428609476939
1011,2022-03-06,0xb97ef9ef8734c71904d8002f8b6bc66dd9c48a6e,USDC,2.6998021091113515
1012,2022-03-06,0xb31f66aa3c1e785363f0875a1b74e27b85fd66c7,AVAX,13.376513467789456
1013,2022-03-06,0xa7d7079b0fead91f3e65f86e8915cb59c1a4c664,USDC.e,55.25938866395302
1014,2022-03-06,0x50b7545627a5162f82a992c33b87adc75187b218,WBTC.e,14.597868606422617
1015,2022-03-06,0x49d5c2bdffac6ce2bfdb6640f4f80f226bc10bab,WETH.e,14.064035752555352
1016,2022-03-06,0x130966628846bfd36ff31a822705796e8cb8c18d,MIM,0.002391400168202386
1017,2022-03-05,0xb97ef9ef8734c71904d8002f8b6bc66dd9c48a6e,USDC,2.5214025542267025
1018,2022-03-05,0xb31f66aa3c1e785363f0875a1b74e27b85fd66c7,AVAX,13.693248831568393
1019,2022-03-05,0xa7d7079b0fead91f3e65f86e8915cb59c1a4c664,USDC.e,54.51948148635168
1020,2022-03-05,0x50b7545627a5162f82a992c33b87adc75187b218,WBTC.e,14.936304120025643
1021,2022-03-05,0x49d5c2bdffac6ce2bfdb6640f4f80f226bc10bab,WETH.e,14.329563007827582
1022,2022-03-04,0xb97ef9ef8734c71904d8002f8b6bc66dd9c48a6e,USDC,2.3656530330106786
1023,2022-03-04,0xb31f66aa3c1e785363f0875a1b74e27b85fd66c7,AVAX,10.642301541185448
1024,2022-03-04,0xa7d7079b0fead91f3e65f86e8915cb59c1a4c664,USDC.e,57.2062112521575
1025,2022-03-04,0x50b7545627a5162f82a992c33b87adc75187b218,WBTC.e,15.147610487125583
1026,2022-03-04,0x49d5c2bdffac6ce2bfdb6640f4f80f226bc10bab,WETH.e,14.634903064349322
1027,2022-03-04,0x130966628846bfd36ff31a822705796e8cb8c18d,MIM,0.0033206221714662414
1028,2022-03-03,0xb97ef9ef8734c71904d8002f8b6bc66dd9c48a6e,USDC,1.8533009429591754
1029,2022-03-03,0xb31f66aa3c1e785363f0875a1b74e27b85fd66c7,AVAX,9.239063661026462
1030,2022-03-03,0xa7d7079b0fead91f3e65f86e8915cb59c1a4c664,USDC.e,56.83770202428863
1031,2022-03-03,0x50b7545627a5162f82a992c33b87adc75187b218,WBTC.e,16.569498830809593
1032,2022-03-03,0x49d5c2bdffac6ce2bfdb6640f4f80f226bc10bab,WETH.e,15.49702120332907
1033,2022-03-03,0x130966628846bfd36ff31a822705796e8cb8c18d,MIM,0.0034133375870638227
1034,2022-03-02,0xb97ef9ef8734c71904d8002f8b6bc66dd9c48a6e,USDC,1.4948478587469214
1035,2022-03-02,0xb31f66aa3c1e785363f0875a1b74e27b85fd66c7,AVAX,12.451507034151179
1036,2022-03-02,0xa7d7079b0fead91f3e65f86e8915cb59c1a4c664,USDC.e,51.503492022336
1037,2022-03-02,0x50b7545627a5162f82a992c33b87adc75187b218,WBTC.e,18.059161794758506
1038,2022-03-02,0x49d5c2bdffac6ce2bfdb6640f4f80f226bc10bab,WETH.e,16.48734532914379
1039,2022-03-02,0x130966628846bfd36ff31a822705796e8cb8c18d,MIM,0.003645960863607488
1040,2022-03-01,0xb97ef9ef8734c71904d8002f8b6bc66dd9c48a6e,USDC,0.7490431735360655
1041,2022-03-01,0xb31f66aa3c1e785363f0875a1b74e27b85fd66c7,AVAX,15.287321505814642
1042,2022-03-01,0xa7d7079b0fead91f3e65f86e8915cb59c1a4c664,USDC.e,48.858313176421234
1043,2022-03-01,0x50b7545627a5162f82a992c33b87adc75187b218,WBTC.e,18.44007778637886
1044,2022-03-01,0x49d5c2bdffac6ce2bfdb6640f4f80f226bc10bab,WETH.e,16.66164903190379
1045,2022-03-01,0x130966628846bfd36ff31a822705796e8cb8c18d,MIM,0.0035953259454088605
1046,2022-02-28,0xb97ef9ef8734c71904d8002f8b6bc66dd9c48a6e,USDC,0.7746700704790999
1047,2022-02-28,0xb31f66aa3c1e785363f0875a1b74e27b85fd66c7,AVAX,12.620951345715323
1048,2022-02-28,0xa7d7079b0fead91f3e65f86e8915cb59c1a4c664,USDC.e,50.17549429963073
1049,2022-02-28,0x50b7545627a5162f82a992c33b87adc75187b218,WBTC.e,18.107748157844473
1050,2022-02-28,0x49d5c2bdffac6ce2bfdb6640f4f80f226bc10bab,WETH.e,18.317507104268277
1051,2022-02-28,0x130966628846bfd36ff31a822705796e8cb8c18d,MIM,0.0036290220620973416
